booking_id,months_as_member,weight,days_before,day_of_week,time,category,attended,booking_lead_type,member_tier,tenure_over_1year
1,17,79.56,8.0,Wed,PM,Strength,0,Advance,Loyal,1
2,10,79.01,2.0,Mon,AM,HIIT,0,Short-notice,Regular,0
3,16,74.53,14.0,Sun,AM,Strength,0,Advance,Loyal,1
4,5,86.12,10.0,Fri,AM,Cycling,0,Advance,New,0
5,15,69.29,8.0,Thu,AM,HIIT,0,Advance,Loyal,1
6,7,93.33,2.0,Mon,AM,Cycling,0,Short-notice,Regular,0
7,11,88.59,6.0,Wed,PM,HIIT,0,Short-notice,Regular,0
8,9,89.52,10.0,Fri,AM,HIIT,0,Advance,Regular,0
9,23,71.12,10.0,Fri,AM,HIIT,1,Advance,Loyal,1
10,7,81.25,10.0,Fri,AM,HIIT,0,Advance,Regular,0
11,13,73.22,4.0,Tue,AM,Cycling,0,Short-notice,Loyal,1
12,16,86.86,10.0,Fri,AM,Cycling,0,Advance,Loyal,1
13,16,71.7,14.0,Sun,AM,Strength,1,Advance,Loyal,1
14,8,81.32,4.0,Tue,AM,Cycling,0,Short-notice,Regular,0
15,9,77.35,10.0,Fri,AM,Cycling,0,Advance,Regular,0
16,9,82.42,14.0,Sun,AM,HIIT,1,Advance,Regular,0
17,22,69.52,14.0,Sun,AM,Strength,1,Advance,Loyal,1
18,6,79.01,9.0,Thu,PM,Yoga,0,Advance,Regular,0
19,33,81.55,8.0,Thu,AM,Cycling,1,Advance,Loyal,1
20,10,72.93,4.0,Tue,AM,Cycling,1,Short-notice,Regular,0
21,24,68.35,12.0,Sat,PM,Strength,1,Advance,Loyal,1
22,14,94.72,2.0,Mon,AM,Cycling,1,Short-notice,Loyal,1
23,2,92.87,10.0,Fri,AM,Strength,0,Advance,New,0
24,12,91.74,10.0,Fri,AM,Strength,0,Advance,Regular,0
25,8,92.24,2.0,Mon,AM,Strength,0,Short-notice,Regular,0
26,2,85.67,2.0,Mon,AM,HIIT,0,Short-notice,New,0
27,12,76.56,2.0,Mon,AM,HIIT,1,Short-notice,Regular,0
28,26,82.87,4.0,Tue,PM,HIIT,0,Short-notice,Loyal,1
29,28,87.19,2.0,Mon,AM,Strength,1,Short-notice,Loyal,1
30,27,98.91,12.0,Sat,AM,Yoga,1,Advance,Loyal,1
31,8,79.96,4.0,Tue,AM,HIIT,1,Short-notice,Regular,0
32,8,84.87,2.0,Mon,AM,Strength,0,Short-notice,Regular,0
33,1,88.75,4.0,Tue,AM,Cycling,0,Short-notice,New,0
34,6,86.67,10.0,Fri,AM,Yoga,0,Advance,Regular,0
35,3,81.58,10.0,Fri,AM,HIIT,0,Advance,New,0
36,6,83.13,9.0,Thu,PM,Cycling,0,Advance,Regular,0
37,24,73.49,4.0,Tue,AM,Strength,1,Short-notice,Loyal,1
38,8,79.36,12.0,Sat,AM,HIIT,0,Advance,Regular,0
39,27,78.81,10.0,Fri,AM,HIIT,1,Advance,Loyal,1
40,7,97.26,10.0,Fri,AM,HIIT,0,Advance,Regular,0
41,5,93.33,14.0,Sun,AM,HIIT,0,Advance,New,0
42,14,83.16,10.0,Thu,PM,Strength,0,Advance,Loyal,1
43,7,90.0,14.0,Sun,PM,Cycling,0,Advance,Regular,0
44,9,112.15,10.0,Fri,AM,HIIT,0,Advance,Regular,0
45,6,108.2,8.0,Wed,PM,Strength,0,Advance,Regular,0
46,5,104.19,2.0,Mon,AM,HIIT,0,Short-notice,New,0
47,21,67.81,4.0,Tue,PM,HIIT,0,Short-notice,Loyal,1
48,17,81.98,2.0,Mon,AM,HIIT,0,Short-notice,Loyal,1
49,10,81.56,14.0,Sun,AM,Strength,0,Advance,Regular,0
50,18,79.57,2.0,Mon,AM,Strength,0,Short-notice,Loyal,1
51,8,85.39,8.0,Thu,AM,Yoga,0,Advance,Regular,0
52,19,69.65,2.0,Mon,AM,Yoga,0,Short-notice,Loyal,1
53,12,77.09,10.0,Fri,AM,HIIT,0,Advance,Regular,0
54,19,65.65,4.0,Tue,AM,HIIT,1,Short-notice,Loyal,1
55,53,61.1,10.0,Fri,AM,HIIT,1,Advance,Loyal,1
56,17,71.35,4.0,Tue,PM,-,0,Short-notice,Loyal,1
57,3,100.9,10.0,Fri,AM,HIIT,0,Advance,New,0
58,12,79.68,2.0,Mon,AM,HIIT,0,Short-notice,Regular,0
59,19,72.23,10.0,Fri,AM,Yoga,0,Advance,Loyal,1
60,16,67.53,8.0,Thu,AM,Yoga,0,Advance,Loyal,1
61,8,101.32,5.0,Tue,PM,Yoga,0,Short-notice,Regular,0
62,6,81.44,2.0,Mon,AM,HIIT,0,Short-notice,Regular,0
63,9,76.05,4.0,Tue,AM,HIIT,0,Short-notice,Regular,0
64,10,100.44,8.0,Thu,AM,Aqua,0,Advance,Regular,0
65,2,107.03,2.0,Mon,AM,Yoga,0,Short-notice,New,0
66,20,76.07,4.0,Tue,AM,HIIT,0,Short-notice,Loyal,1
67,11,71.54,8.0,Thu,AM,Strength,0,Advance,Regular,0
68,8,72.63,14.0,Sun,PM,Strength,1,Advance,Regular,0
69,9,82.13,10.0,Thu,PM,HIIT,0,Advance,Regular,0
70,2,108.82,10.0,Fri,AM,HIIT,0,Advance,New,0
71,17,74.57,3.0,Mon,AM,Cycling,0,Short-notice,Loyal,1
72,11,74.75,10.0,Fri,AM,HIIT,0,Advance,Regular,0
73,8,85.86,7.0,Wed,PM,HIIT,0,Advance,Regular,0
74,28,73.78,5.0,Wed,PM,HIIT,1,Short-notice,Loyal,1
75,34,75.34,10.0,Fri,AM,Cycling,0,Advance,Loyal,1
76,20,60.1,2.0,Mon,AM,Aqua,0,Short-notice,Loyal,1
77,5,94.7,6.0,Wed,AM,HIIT,0,Short-notice,New,0
78,12,97.11,8.0,Thu,AM,HIIT,1,Advance,Regular,0
79,14,69.0,14.0,Sun,AM,Cycling,1,Advance,Loyal,1
80,11,82.16,13.0,Sat,AM,Yoga,0,Advance,Regular,0
81,10,94.97,8.0,Thu,AM,Cycling,0,Advance,Regular,0
82,11,85.79,8.0,Thu,PM,Yoga,0,Advance,Regular,0
83,6,117.19,10.0,Fri,AM,HIIT,0,Advance,Regular,0
84,25,70.8,13.0,Sat,PM,HIIT,1,Advance,Loyal,1
85,9,74.76,8.0,Thu,AM,HIIT,0,Advance,Regular,0
86,8,80.34,10.0,Fri,AM,HIIT,0,Advance,Regular,0
87,17,86.53,7.0,Thu,PM,Cycling,0,Advance,Loyal,1
88,20,80.11,10.0,Fri,AM,Yoga,1,Advance,Loyal,1
89,14,68.96,14.0,Sun,AM,Aqua,0,Advance,Loyal,1
90,32,77.57,6.0,Wed,AM,Cycling,0,Short-notice,Loyal,1
91,3,112.47,10.0,Fri,AM,Strength,0,Advance,New,0
92,27,77.39,8.0,Thu,AM,Strength,1,Advance,Loyal,1
93,73,66.0,8.0,Thu,AM,HIIT,1,Advance,Loyal,1
94,10,79.32,12.0,Sat,AM,HIIT,1,Advance,Regular,0
95,5,90.06,6.0,Wed,AM,Cycling,0,Short-notice,New,0
96,20,75.34,10.0,Thu,PM,Cycling,1,Advance,Loyal,1
97,7,81.69,12.0,Sat,AM,Cycling,1,Advance,Regular,0
98,6,80.74,8.0,Thu,PM,HIIT,0,Advance,Regular,0
99,55,62.92,6.0,Wed,PM,Cycling,1,Short-notice,Loyal,1
100,4,113.86,4.0,Tue,AM,HIIT,0,Short-notice,New,0
101,9,73.07,8.0,Thu,AM,HIIT,0,Advance,Regular,0
102,7,84.72,12.0,Sat,AM,Strength,0,Advance,Regular,0
103,14,80.76,14.0,Sun,AM,Strength,0,Advance,Loyal,1
104,11,85.41,2.0,Mon,AM,HIIT,1,Short-notice,Regular,0
105,9,92.06,2.0,Mon,AM,HIIT,0,Short-notice,Regular,0
106,5,78.28,2.0,Mon,AM,HIIT,0,Short-notice,New,0
107,12,79.77,2.0,Mon,AM,Strength,0,Short-notice,Regular,0
108,8,71.49,10.0,Fri,AM,HIIT,0,Advance,Regular,0
109,21,76.77,8.0,Thu,AM,Cycling,0,Advance,Loyal,1
110,14,69.35,20.0,Sun,PM,HIIT,1,Advance,Loyal,1
111,11,74.57,14.0,Sun,PM,Strength,0,Advance,Regular,0
112,34,64.52,14.0,Sun,AM,Yoga,1,Advance,Loyal,1
113,8,81.06,4.0,Tue,PM,HIIT,0,Short-notice,Regular,0
114,12,79.79,2.0,Mon,AM,HIIT,0,Short-notice,Regular,0
115,14,80.65,10.0,Fri,AM,HIIT,0,Advance,Loyal,1
116,27,83.32,8.0,Thu,AM,Yoga,1,Advance,Loyal,1
117,10,97.13,1.0,Mon,PM,HIIT,0,Short-notice,Regular,0
118,18,88.77,14.0,Sun,AM,Cycling,1,Advance,Loyal,1
119,13,90.38,2.0,Mon,AM,Yoga,1,Short-notice,Loyal,1
120,26,65.88,2.0,Mon,AM,HIIT,0,Short-notice,Loyal,1
121,35,69.41,4.0,Tue,AM,HIIT,1,Short-notice,Loyal,1
122,54,73.02,7.0,Wed,AM,HIIT,1,Advance,Loyal,1
123,6,98.42,10.0,Fri,AM,HIIT,0,Advance,Regular,0
124,15,71.99,10.0,Fri,AM,HIIT,0,Advance,Loyal,1
125,76,58.68,15.0,Sun,PM,HIIT,1,Advance,Loyal,1
126,3,97.38,2.0,Mon,AM,Cycling,0,Short-notice,New,0
127,15,75.7,2.0,Mon,AM,Cycling,0,Short-notice,Loyal,1
128,3,86.92,8.0,Thu,AM,Cycling,0,Advance,New,0
129,28,70.77,12.0,Sat,AM,HIIT,1,Advance,Loyal,1
130,8,104.33,14.0,Sun,AM,HIIT,0,Advance,Regular,0
131,5,81.42,14.0,Sun,AM,HIIT,0,Advance,New,0
132,11,77.56,7.0,Thu,PM,HIIT,0,Advance,Regular,0
133,9,109.23,2.0,Mon,AM,HIIT,0,Short-notice,Regular,0
134,11,97.77,14.0,Sun,AM,HIIT,0,Advance,Regular,0
135,9,85.32,8.0,Thu,AM,Cycling,0,Advance,Regular,0
136,24,80.01,2.0,Mon,AM,HIIT,1,Short-notice,Loyal,1
137,10,73.38,10.0,Fri,AM,HIIT,0,Advance,Regular,0
138,13,95.97,2.0,Mon,AM,Cycling,0,Short-notice,Loyal,1
139,62,57.83,2.0,Mon,AM,HIIT,1,Short-notice,Loyal,1
140,5,89.67,15.0,Sun,AM,HIIT,0,Advance,New,0
141,42,59.97,10.0,Fri,AM,Yoga,1,Advance,Loyal,1
142,21,73.99,10.0,Fri,AM,Yoga,1,Advance,Loyal,1
143,11,55.41,10.0,Fri,AM,HIIT,0,Advance,Regular,0
144,105,66.07,12.0,Sat,AM,Cycling,1,Advance,Loyal,1
145,15,78.07,8.0,Thu,AM,HIIT,0,Advance,Loyal,1
146,4,109.09,4.0,Tue,PM,HIIT,0,Short-notice,New,0
147,20,81.06,2.0,Mon,AM,Cycling,1,Short-notice,Loyal,1
148,24,62.76,7.0,Wed,PM,HIIT,0,Advance,Loyal,1
149,2,108.13,14.0,Sun,AM,HIIT,0,Advance,New,0
150,5,94.46,14.0,Sun,AM,Strength,0,Advance,New,0
151,90,58.13,14.0,Sun,AM,HIIT,1,Advance,Loyal,1
152,15,66.24,8.0,Thu,AM,HIIT,0,Advance,Loyal,1
153,29,68.84,4.0,Tue,PM,Strength,1,Short-notice,Loyal,1
154,8,77.16,12.0,Fri,PM,HIIT,0,Advance,Regular,0
155,18,82.93,12.0,Sat,AM,HIIT,0,Advance,Loyal,1
156,60,68.02,12.0,Sat,AM,Cycling,1,Advance,Loyal,1
157,3,112.22,12.0,Sat,AM,HIIT,0,Advance,New,0
158,16,88.34,2.0,Mon,AM,Strength,1,Short-notice,Loyal,1
159,7,83.26,3.0,Tue,PM,Cycling,0,Short-notice,Regular,0
160,21,83.77,8.0,Thu,AM,HIIT,0,Advance,Loyal,1
161,21,63.04,2.0,Mon,AM,HIIT,0,Short-notice,Loyal,1
162,3,110.18,8.0,Thu,PM,Strength,0,Advance,New,0
163,3,98.53,8.0,Thu,PM,HIIT,0,Advance,New,0
164,12,65.51,4.0,Tue,AM,HIIT,0,Short-notice,Regular,0
165,11,72.21,13.0,Sat,PM,HIIT,0,Advance,Regular,0
166,9,83.07,2.0,Mon,AM,Strength,0,Short-notice,Regular,0
167,18,99.91,12.0,Sat,AM,Strength,1,Advance,Loyal,1
168,7,90.73,8.0,Thu,AM,Cycling,0,Advance,Regular,0
169,30,78.41,12.0,Sat,AM,HIIT,1,Advance,Loyal,1
170,9,73.58,8.0,Thu,AM,Strength,0,Advance,Regular,0
171,6,111.44,10.0,Fri,AM,Aqua,0,Advance,Regular,0
172,8,89.62,12.0,Sat,AM,Strength,0,Advance,Regular,0
173,11,63.69,4.0,Tue,AM,HIIT,0,Short-notice,Regular,0
174,13,87.31,12.0,Sat,AM,Strength,0,Advance,Loyal,1
175,25,80.15,10.0,Fri,AM,Cycling,0,Advance,Loyal,1
176,32,84.76,2.0,Mon,AM,Cycling,0,Short-notice,Loyal,1
177,3,105.88,10.0,Fri,AM,Strength,0,Advance,New,0
178,11,78.28,12.0,Sat,AM,HIIT,0,Advance,Regular,0
179,12,69.33,4.0,Tue,AM,Strength,0,Short-notice,Regular,0
180,8,82.63,12.0,Sat,AM,HIIT,0,Advance,Regular,0
181,23,90.78,12.0,Sat,AM,Cycling,0,Advance,Loyal,1
182,5,99.45,10.0,Fri,AM,Aqua,0,Advance,New,0
183,6,82.54,12.0,Sat,AM,Strength,0,Advance,Regular,0
184,107,67.02,4.0,Tue,PM,HIIT,1,Short-notice,Loyal,1
185,52,69.34,10.0,Fri,AM,HIIT,1,Advance,Loyal,1
186,8,70.84,12.0,Sat,AM,HIIT,0,Advance,Regular,0
187,8,92.84,10.0,Fri,AM,Cycling,0,Advance,Regular,0
188,34,63.41,8.0,Thu,AM,Cycling,0,Advance,Loyal,1
189,13,78.59,2.0,Mon,AM,Strength,1,Short-notice,Loyal,1
190,5,71.74,6.0,Wed,PM,Strength,0,Short-notice,New,0
191,14,68.75,3.0,Mon,AM,Aqua,1,Short-notice,Loyal,1
192,53,61.2,4.0,Tue,AM,HIIT,1,Short-notice,Loyal,1
193,17,89.54,12.0,Sat,AM,HIIT,0,Advance,Loyal,1
194,37,66.89,10.0,Fri,AM,Yoga,1,Advance,Loyal,1
195,8,72.56,2.0,Mon,AM,Strength,0,Short-notice,Regular,0
196,11,70.91,4.0,Tue,PM,Aqua,0,Short-notice,Regular,0
197,15,79.02,12.0,Sat,AM,Strength,0,Advance,Loyal,1
198,37,73.32,2.0,Mon,AM,Strength,1,Short-notice,Loyal,1
199,8,98.92,10.0,Fri,AM,Aqua,0,Advance,Regular,0
200,12,80.28,14.0,Sun,AM,Cycling,0,Advance,Regular,0
201,22,88.9,4.0,Tue,AM,Yoga,1,Short-notice,Loyal,1
202,9,83.21,12.0,Sat,AM,HIIT,0,Advance,Regular,0
203,6,97.94,7.0,Thu,PM,Cycling,0,Advance,Regular,0
204,15,104.16,11.0,Fri,AM,HIIT,0,Advance,Loyal,1
205,10,110.54,2.0,Mon,AM,HIIT,0,Short-notice,Regular,0
206,6,91.52,10.0,Fri,AM,HIIT,0,Advance,Regular,0
207,38,85.69,6.0,Wed,AM,HIIT,1,Short-notice,Loyal,1
208,10,100.37,12.0,Sat,PM,HIIT,0,Advance,Regular,0
209,35,72.7,10.0,Fri,AM,Cycling,1,Advance,Loyal,1
210,10,93.92,11.0,Sat,PM,Yoga,0,Advance,Regular,0
211,19,98.71,14.0,Sun,AM,HIIT,0,Advance,Loyal,1
212,16,81.33,10.0,Fri,AM,Cycling,0,Advance,Loyal,1
213,10,84.1,14.0,Sun,AM,HIIT,0,Advance,Regular,0
214,9,77.48,2.0,Mon,AM,Cycling,0,Short-notice,Regular,0
215,16,67.38,2.0,Mon,AM,HIIT,0,Short-notice,Loyal,1
216,8,84.49,10.0,Fri,AM,Yoga,0,Advance,Regular,0
217,12,74.04,4.0,Tue,AM,Aqua,0,Short-notice,Regular,0
218,21,69.0,4.0,Tue,PM,Yoga,1,Short-notice,Loyal,1
219,13,72.34,12.0,Sat,AM,HIIT,0,Advance,Loyal,1
220,3,90.91,8.0,Thu,AM,Cycling,0,Advance,New,0
221,27,68.72,12.0,Sat,AM,Strength,1,Advance,Loyal,1
222,17,74.87,2.0,Mon,AM,HIIT,1,Short-notice,Loyal,1
223,20,66.15,10.0,Fri,AM,HIIT,1,Advance,Loyal,1
224,48,68.39,10.0,Fri,AM,HIIT,1,Advance,Loyal,1
225,21,83.07,14.0,Sun,AM,Strength,1,Advance,Loyal,1
226,51,63.59,8.0,Thu,AM,HIIT,1,Advance,Loyal,1
227,13,72.58,12.0,Sat,AM,Strength,0,Advance,Loyal,1
228,20,68.7,8.0,Thu,AM,Cycling,1,Advance,Loyal,1
229,12,84.45,13.0,Sat,AM,Strength,0,Advance,Regular,0
230,23,71.0,6.0,Wed,AM,Cycling,0,Short-notice,Loyal,1
231,12,88.42,9.0,Thu,AM,Yoga,0,Advance,Regular,0
232,10,81.69,8.0,Thu,AM,HIIT,0,Advance,Regular,0
233,18,80.93,2.0,Mon,AM,Aqua,0,Short-notice,Loyal,1
234,8,85.12,6.0,Wed,AM,HIIT,1,Short-notice,Regular,0
235,16,76.12,8.0,Thu,AM,Strength,0,Advance,Loyal,1
236,8,90.12,12.0,Sat,AM,HIIT,0,Advance,Regular,0
237,17,76.61,13.0,Sat,AM,Cycling,1,Advance,Loyal,1
238,29,68.31,2.0,Mon,AM,Yoga,1,Short-notice,Loyal,1
239,10,74.35,3.0,Tue,PM,HIIT,0,Short-notice,Regular,0
240,9,75.63,12.0,Sat,AM,HIIT,0,Advance,Regular,0
241,10,77.81,5.0,Tue,PM,Cycling,1,Short-notice,Regular,0
242,7,79.38,14.0,Sun,AM,HIIT,0,Advance,Regular,0
243,16,87.55,8.0,Thu,PM,Cycling,0,Advance,Loyal,1
244,7,89.94,8.0,Thu,AM,HIIT,0,Advance,Regular,0
245,34,68.83,10.0,Fri,AM,Yoga,1,Advance,Loyal,1
246,9,82.29,2.0,Mon,PM,Cycling,0,Short-notice,Regular,0
247,12,82.89,12.0,Sat,AM,HIIT,0,Advance,Regular,0
248,12,77.03,10.0,Fri,AM,HIIT,0,Advance,Regular,0
249,7,86.31,10.0,Fri,AM,Cycling,0,Advance,Regular,0
250,40,68.7,14.0,Sun,AM,Cycling,1,Advance,Loyal,1
251,4,86.74,2.0,Mon,AM,Cycling,0,Short-notice,New,0
252,8,92.4,2.0,Mon,AM,Aqua,1,Short-notice,Regular,0
253,8,86.15,2.0,Mon,AM,HIIT,0,Short-notice,Regular,0
254,3,101.97,12.0,Sat,AM,Strength,0,Advance,New,0
255,7,105.2,14.0,Sun,PM,HIIT,0,Advance,Regular,0
256,6,78.32,14.0,Sun,AM,HIIT,0,Advance,Regular,0
257,8,82.16,10.0,Fri,AM,Strength,0,Advance,Regular,0
258,5,80.71,10.0,Fri,AM,Strength,0,Advance,New,0
259,25,75.26,14.0,Sun,AM,HIIT,1,Advance,Loyal,1
260,20,78.7,12.0,Sat,AM,Cycling,1,Advance,Loyal,1
261,15,76.31,12.0,Sat,AM,Strength,0,Advance,Loyal,1
262,16,82.66,10.0,Fri,AM,Aqua,0,Advance,Loyal,1
263,8,81.45,4.0,Tue,AM,Cycling,0,Short-notice,Regular,0
264,13,82.28,12.0,Sat,AM,Strength,0,Advance,Loyal,1
265,6,79.9,12.0,Sat,AM,Yoga,0,Advance,Regular,0
266,12,78.05,2.0,Mon,AM,Aqua,0,Short-notice,Regular,0
267,4,103.25,14.0,Sun,AM,HIIT,0,Advance,New,0
268,4,86.88,4.0,Tue,AM,HIIT,0,Short-notice,New,0
269,7,103.46,12.0,Sat,AM,Cycling,0,Advance,Regular,0
270,4,75.82,10.0,Fri,AM,Cycling,0,Advance,New,0
271,3,97.88,4.0,Tue,AM,Aqua,0,Short-notice,New,0
272,13,77.83,2.0,Mon,AM,Aqua,0,Short-notice,Loyal,1
273,6,89.99,8.0,Thu,PM,Yoga,0,Advance,Regular,0
274,25,82.15,10.0,Fri,AM,Cycling,0,Advance,Loyal,1
275,20,70.41,8.0,Thu,AM,Aqua,0,Advance,Loyal,1
276,7,82.81,16.0,Sun,PM,HIIT,0,Advance,Regular,0
277,17,59.56,10.0,Fri,AM,Cycling,1,Advance,Loyal,1
278,26,74.57,2.0,Mon,AM,HIIT,1,Short-notice,Loyal,1
279,3,86.08,2.0,Mon,AM,HIIT,0,Short-notice,New,0
280,21,66.49,6.0,Wed,AM,Cycling,0,Short-notice,Loyal,1
281,9,93.47,8.0,Thu,PM,Strength,0,Advance,Regular,0
282,12,73.88,10.0,Fri,AM,HIIT,0,Advance,Regular,0
283,14,88.33,12.0,Sat,AM,HIIT,0,Advance,Loyal,1
284,8,79.42,7.0,Thu,PM,Cycling,0,Advance,Regular,0
285,26,74.46,10.0,Fri,AM,HIIT,0,Advance,Loyal,1
286,89,73.41,8.0,Thu,AM,HIIT,1,Advance,Loyal,1
287,24,67.71,12.0,Sat,AM,Cycling,1,Advance,Loyal,1
288,13,80.77,12.0,Sat,AM,Cycling,1,Advance,Loyal,1
289,10,73.69,6.0,Wed,PM,Cycling,0,Short-notice,Regular,0
290,22,71.87,4.0,Tue,AM,HIIT,1,Short-notice,Loyal,1
291,9,91.17,7.0,Wed,PM,Cycling,0,Advance,Regular,0
292,26,63.81,12.0,Sat,AM,Strength,1,Advance,Loyal,1
293,5,114.17,2.0,Mon,AM,Strength,0,Short-notice,New,0
294,57,70.39,14.0,Sun,AM,Cycling,1,Advance,Loyal,1
295,11,84.37,2.0,Mon,AM,Aqua,1,Short-notice,Regular,0
296,34,70.09,4.0,Tue,AM,HIIT,1,Short-notice,Loyal,1
297,20,78.1,12.0,Sat,AM,Yoga,1,Advance,Loyal,1
298,13,81.01,6.0,Wed,PM,Strength,1,Short-notice,Loyal,1
299,6,87.32,4.0,Tue,PM,HIIT,0,Short-notice,Regular,0
300,4,71.49,14.0,Sun,AM,Strength,0,Advance,New,0
301,7,78.46,6.0,Wed,AM,HIIT,0,Short-notice,Regular,0
302,11,87.9,4.0,Tue,AM,HIIT,1,Short-notice,Regular,0
303,9,99.29,8.0,Thu,AM,Cycling,0,Advance,Regular,0
304,9,88.49,12.0,Sat,AM,HIIT,1,Advance,Regular,0
305,12,68.15,2.0,Mon,AM,HIIT,0,Short-notice,Regular,0
306,10,81.98,15.0,Sun,PM,HIIT,0,Advance,Regular,0
307,36,74.73,10.0,Fri,AM,HIIT,1,Advance,Loyal,1
308,13,81.25,4.0,Tue,AM,HIIT,0,Short-notice,Loyal,1
309,13,74.59,3.0,Tue,PM,Cycling,1,Short-notice,Loyal,1
310,7,80.65,12.0,Sat,AM,HIIT,0,Advance,Regular,0
311,13,78.52,13.0,Sat,AM,Strength,0,Advance,Loyal,1
312,18,66.05,12.0,Sat,AM,HIIT,0,Advance,Loyal,1
313,13,95.72,4.0,Tue,AM,HIIT,1,Short-notice,Loyal,1
314,23,94.94,1.0,Mon,PM,Cycling,1,Short-notice,Loyal,1
315,5,90.51,11.0,Thu,PM,Yoga,0,Advance,New,0
316,5,80.65,14.0,Sun,AM,HIIT,0,Advance,New,0
317,11,83.92,10.0,Fri,AM,Cycling,0,Advance,Regular,0
318,15,81.12,12.0,Sat,AM,Yoga,0,Advance,Loyal,1
319,20,66.67,10.0,Fri,AM,HIIT,0,Advance,Loyal,1
320,12,97.1,7.0,Wed,PM,HIIT,1,Advance,Regular,0
321,14,85.49,4.0,Tue,AM,HIIT,0,Short-notice,Loyal,1
322,20,91.6,8.0,Thu,AM,Cycling,0,Advance,Loyal,1
323,14,84.25,8.0,Thu,AM,Strength,1,Advance,Loyal,1
324,14,83.35,8.0,Thu,AM,HIIT,0,Advance,Loyal,1
325,6,111.16,10.0,Fri,AM,Cycling,0,Advance,Regular,0
326,17,77.19,14.0,Sun,AM,HIIT,1,Advance,Loyal,1
327,12,100.05,8.0,Thu,PM,HIIT,0,Advance,Regular,0
328,11,69.73,14.0,Sun,PM,Cycling,0,Advance,Regular,0
329,5,76.93,7.0,Wed,PM,HIIT,0,Advance,New,0
330,18,75.16,15.0,Sun,AM,Cycling,0,Advance,Loyal,1
331,10,70.61,8.0,Thu,AM,HIIT,0,Advance,Regular,0
332,15,71.06,2.0,Mon,AM,Yoga,1,Short-notice,Loyal,1
333,19,70.68,4.0,Tue,PM,Cycling,0,Short-notice,Loyal,1
334,52,83.2,10.0,Fri,AM,Cycling,1,Advance,Loyal,1
335,16,87.0,10.0,Fri,AM,Yoga,1,Advance,Loyal,1
336,19,67.86,12.0,Sat,AM,Strength,0,Advance,Loyal,1
337,11,97.87,5.0,Tue,PM,Cycling,0,Short-notice,Regular,0
338,14,68.47,14.0,Sun,AM,HIIT,0,Advance,Loyal,1
339,13,71.22,3.0,Mon,AM,Yoga,0,Short-notice,Loyal,1
340,7,97.55,13.0,Wed,PM,Cycling,0,Advance,Regular,0
341,6,85.36,14.0,Sun,AM,HIIT,0,Advance,Regular,0
342,13,96.94,10.0,Fri,AM,HIIT,0,Advance,Loyal,1
343,27,76.99,12.0,Sat,AM,Cycling,1,Advance,Loyal,1
344,23,74.94,12.0,Sat,AM,Cycling,1,Advance,Loyal,1
345,20,83.41,14.0,Sun,AM,Cycling,1,Advance,Loyal,1
346,19,72.34,8.0,Thu,AM,Strength,1,Advance,Loyal,1
347,8,75.14,2.0,Mon,AM,HIIT,0,Short-notice,Regular,0
348,5,112.86,10.0,Fri,AM,Cycling,0,Advance,New,0
349,38,72.88,1.0,Mon,PM,HIIT,0,Short-notice,Loyal,1
350,10,88.28,2.0,Mon,AM,Yoga,0,Short-notice,Regular,0
351,11,79.68,10.0,Fri,AM,HIIT,0,Advance,Regular,0
352,18,81.2,12.0,Sat,AM,Cycling,1,Advance,Loyal,1
353,16,79.57,8.0,Thu,AM,Cycling,0,Advance,Loyal,1
354,18,78.63,7.0,Wed,PM,Cycling,0,Advance,Loyal,1
355,6,93.79,12.0,Sat,AM,Strength,0,Advance,Regular,0
356,38,69.36,4.0,Tue,AM,Strength,0,Short-notice,Loyal,1
357,18,73.05,2.0,Mon,AM,HIIT,1,Short-notice,Loyal,1
358,3,86.5,14.0,Sun,AM,Cycling,0,Advance,New,0
359,7,81.54,10.0,Thu,PM,Cycling,0,Advance,Regular,0
360,9,77.71,12.0,Sat,AM,HIIT,0,Advance,Regular,0
361,20,81.53,10.0,Fri,AM,HIIT,0,Advance,Loyal,1
362,5,88.39,14.0,Sun,AM,Strength,0,Advance,New,0
363,5,94.46,2.0,Mon,AM,HIIT,0,Short-notice,New,0
364,7,87.52,6.0,Wed,PM,Strength,0,Short-notice,Regular,0
365,8,80.72,14.0,Sun,AM,Cycling,0,Advance,Regular,0
366,4,88.17,2.0,Mon,AM,Cycling,0,Short-notice,New,0
367,4,80.385,2.0,Mon,AM,Aqua,0,Short-notice,New,0
368,14,85.02,4.0,Tue,PM,Cycling,0,Short-notice,Loyal,1
369,2,148.02,8.0,Thu,AM,HIIT,0,Advance,New,0
370,13,88.57,12.0,Sat,AM,Aqua,1,Advance,Loyal,1
371,6,87.32,14.0,Sun,PM,HIIT,0,Advance,Regular,0
372,14,72.91,12.0,Sat,AM,Yoga,1,Advance,Loyal,1
373,7,91.65,14.0,Sun,AM,Yoga,0,Advance,Regular,0
374,9,84.27,2.0,Mon,AM,Cycling,0,Short-notice,Regular,0
375,10,97.99,10.0,Fri,AM,Strength,0,Advance,Regular,0
376,4,90.56,8.0,Thu,AM,Strength,0,Advance,New,0
377,14,78.59,14.0,Sun,AM,HIIT,0,Advance,Loyal,1
378,12,92.47,6.0,Tue,PM,Strength,0,Short-notice,Regular,0
379,7,97.56,10.0,Fri,AM,HIIT,0,Advance,Regular,0
380,44,69.88,2.0,Mon,AM,HIIT,1,Short-notice,Loyal,1
381,14,77.98,7.0,Wed,PM,Strength,0,Advance,Loyal,1
382,13,83.43,2.0,Mon,AM,Cycling,1,Short-notice,Loyal,1
383,6,79.07,4.0,Tue,AM,HIIT,0,Short-notice,Regular,0
384,8,91.58,8.0,Thu,AM,HIIT,0,Advance,Regular,0
385,29,77.57,2.0,Mon,PM,Cycling,1,Short-notice,Loyal,1
386,11,115.18,2.0,Mon,AM,Strength,0,Short-notice,Regular,0
387,5,91.47,14.0,Sun,AM,Strength,0,Advance,New,0
388,10,76.63,6.0,Wed,PM,Cycling,0,Short-notice,Regular,0
389,7,91.88,12.0,Sat,AM,HIIT,1,Advance,Regular,0
390,21,69.93,10.0,Fri,AM,HIIT,0,Advance,Loyal,1
391,8,89.72,10.0,Fri,AM,Cycling,0,Advance,Regular,0
392,4,109.82,10.0,Fri,AM,HIIT,0,Advance,New,0
393,7,76.58,2.0,Mon,AM,HIIT,0,Short-notice,Regular,0
394,8,97.2,11.0,Sat,PM,Cycling,0,Advance,Regular,0
395,6,100.82,14.0,Sun,AM,Cycling,0,Advance,Regular,0
396,13,87.5,4.0,Tue,AM,HIIT,0,Short-notice,Loyal,1
397,26,70.25,8.0,Thu,AM,HIIT,0,Advance,Loyal,1
398,20,76.69,8.0,Thu,AM,Strength,0,Advance,Loyal,1
399,17,67.71,8.0,Thu,AM,Cycling,0,Advance,Loyal,1
400,7,90.14,10.0,Fri,AM,HIIT,0,Advance,Regular,0
401,19,70.41,14.0,Sun,AM,HIIT,0,Advance,Loyal,1
402,8,73.98,7.0,Thu,PM,Cycling,0,Advance,Regular,0
403,15,71.29,2.0,Mon,AM,HIIT,0,Short-notice,Loyal,1
404,35,63.28,8.0,Thu,AM,HIIT,1,Advance,Loyal,1
405,8,84.64,8.0,Thu,AM,-,0,Advance,Regular,0
406,10,99.92,10.0,Fri,AM,Strength,0,Advance,Regular,0
407,39,81.53,6.0,Wed,AM,Yoga,0,Short-notice,Loyal,1
408,8,89.14,12.0,Sat,AM,Cycling,0,Advance,Regular,0
409,15,86.09,10.0,Fri,AM,HIIT,0,Advance,Loyal,1
410,10,85.31,12.0,Sat,PM,HIIT,0,Advance,Regular,0
411,6,96.07,8.0,Thu,AM,Strength,0,Advance,Regular,0
412,15,96.49,14.0,Sun,AM,Yoga,0,Advance,Loyal,1
413,13,81.79,14.0,Sun,AM,Cycling,0,Advance,Loyal,1
414,7,86.7,12.0,Sat,AM,HIIT,0,Advance,Regular,0
415,21,87.43,12.0,Sat,PM,Strength,0,Advance,Loyal,1
416,9,73.89,12.0,Sat,AM,Cycling,0,Advance,Regular,0
417,6,101.7,5.0,Tue,PM,Aqua,0,Short-notice,Regular,0
418,8,76.99,4.0,Tue,AM,HIIT,0,Short-notice,Regular,0
419,14,84.17,14.0,Sun,AM,HIIT,1,Advance,Loyal,1
420,11,92.82,8.0,Thu,PM,HIIT,0,Advance,Regular,0
421,10,69.85,2.0,Mon,AM,Cycling,0,Short-notice,Regular,0
422,5,93.99,14.0,Sun,AM,Cycling,0,Advance,New,0
423,13,67.26,10.0,Fri,AM,Cycling,0,Advance,Loyal,1
424,41,73.23,14.0,Sun,AM,Yoga,1,Advance,Loyal,1
425,20,75.51,4.0,Tue,AM,HIIT,0,Short-notice,Loyal,1
426,15,66.77,4.0,Tue,AM,Strength,0,Short-notice,Loyal,1
427,11,78.77,4.0,Tue,PM,HIIT,0,Short-notice,Regular,0
428,21,83.6,10.0,Fri,AM,Cycling,1,Advance,Loyal,1
429,13,92.71,8.0,Thu,AM,Cycling,0,Advance,Loyal,1
430,11,88.32,6.0,Wed,PM,HIIT,0,Short-notice,Regular,0
431,7,90.6,12.0,Sat,AM,-,0,Advance,Regular,0
432,5,101.1,10.0,Fri,AM,HIIT,0,Advance,New,0
433,18,70.39,12.0,Sat,AM,HIIT,1,Advance,Loyal,1
434,6,91.61,12.0,Fri,PM,Cycling,0,Advance,Regular,0
435,29,72.52,10.0,Fri,AM,Yoga,1,Advance,Loyal,1
436,19,71.64,10.0,Fri,AM,HIIT,1,Advance,Loyal,1
437,11,78.65,2.0,Mon,AM,HIIT,0,Short-notice,Regular,0
438,57,69.95,10.0,Fri,AM,HIIT,0,Advance,Loyal,1
439,5,99.3,8.0,Thu,AM,HIIT,0,Advance,New,0
440,17,69.39,13.0,Sat,AM,Yoga,0,Advance,Loyal,1
441,29,86.05,10.0,Fri,AM,Cycling,0,Advance,Loyal,1
442,6,116.26,4.0,Tue,AM,HIIT,0,Short-notice,Regular,0
443,6,69.03,6.0,Wed,AM,Strength,0,Short-notice,Regular,0
444,16,74.09,1.0,Mon,PM,Cycling,1,Short-notice,Loyal,1
445,14,87.14,10.0,Fri,AM,HIIT,0,Advance,Loyal,1
446,6,86.75,4.0,Tue,AM,Yoga,0,Short-notice,Regular,0
447,9,75.91,14.0,Sun,AM,Strength,0,Advance,Regular,0
448,36,77.6,1.0,Mon,PM,Cycling,1,Short-notice,Loyal,1
449,38,68.1,14.0,Sun,AM,Cycling,1,Advance,Loyal,1
450,10,88.89,2.0,Mon,AM,HIIT,0,Short-notice,Regular,0
451,3,124.3,12.0,Sat,PM,HIIT,0,Advance,New,0
452,5,135.18,8.0,Thu,AM,HIIT,0,Advance,New,0
453,12,67.59,8.0,Thu,AM,HIIT,0,Advance,Regular,0
454,12,79.07,10.0,Fri,AM,HIIT,1,Advance,Regular,0
455,47,69.81,10.0,Fri,AM,HIIT,0,Advance,Loyal,1
456,6,113.32,11.0,Thu,PM,Cycling,0,Advance,Regular,0
457,58,74.48,11.0,Sat,PM,Strength,1,Advance,Loyal,1
458,9,81.99,14.0,Sun,AM,Yoga,0,Advance,Regular,0
459,36,76.7,6.0,Wed,AM,Cycling,1,Short-notice,Loyal,1
460,5,81.36,10.0,Fri,AM,HIIT,0,Advance,New,0
461,26,67.17,10.0,Fri,AM,HIIT,1,Advance,Loyal,1
462,17,82.26,13.0,Sun,PM,HIIT,0,Advance,Loyal,1
463,5,95.52,10.0,Fri,AM,HIIT,1,Advance,New,0
464,5,92.65,2.0,Mon,AM,Strength,0,Short-notice,New,0
465,21,71.45,2.0,Mon,AM,HIIT,0,Short-notice,Loyal,1
466,8,105.82,6.0,Wed,AM,Cycling,1,Short-notice,Regular,0
467,7,94.23,14.0,Sun,AM,Cycling,0,Advance,Regular,0
468,10,90.65,8.0,Thu,AM,HIIT,0,Advance,Regular,0
469,8,84.64,4.0,Tue,AM,HIIT,0,Short-notice,Regular,0
470,9,62.72,10.0,Fri,AM,HIIT,0,Advance,Regular,0
471,15,89.8,5.0,Tue,PM,Strength,0,Short-notice,Loyal,1
472,5,122.36,10.0,Fri,AM,Yoga,0,Advance,New,0
473,22,68.88,8.0,Thu,PM,HIIT,1,Advance,Loyal,1
474,13,91.43,10.0,Fri,AM,HIIT,1,Advance,Loyal,1
475,24,75.74,10.0,Fri,AM,Strength,0,Advance,Loyal,1
476,26,75.31,6.0,Wed,AM,Cycling,1,Short-notice,Loyal,1
477,20,84.64,2.0,Mon,AM,Strength,0,Short-notice,Loyal,1
478,9,98.34,14.0,Sun,AM,HIIT,0,Advance,Regular,0
479,20,85.93,14.0,Sun,AM,HIIT,0,Advance,Loyal,1
480,18,93.91,10.0,Fri,AM,Cycling,1,Advance,Loyal,1
481,9,79.54,15.0,Sun,PM,Yoga,0,Advance,Regular,0
482,10,91.73,8.0,Thu,AM,Strength,0,Advance,Regular,0
483,14,80.385,1.0,Mon,PM,Aqua,0,Short-notice,Loyal,1
484,10,88.58,2.0,Mon,AM,HIIT,1,Short-notice,Regular,0
485,39,77.84,11.0,Fri,AM,HIIT,0,Advance,Loyal,1
486,66,61.01,5.0,Tue,AM,Aqua,1,Short-notice,Loyal,1
487,48,82.1,10.0,Fri,AM,HIIT,1,Advance,Loyal,1
488,7,64.63,4.0,Tue,PM,HIIT,0,Short-notice,Regular,0
489,20,76.14,4.0,Tue,AM,HIIT,1,Short-notice,Loyal,1
490,10,79.89,10.0,Fri,AM,HIIT,0,Advance,Regular,0
491,5,96.85,10.0,Fri,AM,Yoga,0,Advance,New,0
492,9,74.13,14.0,Sun,AM,Strength,0,Advance,Regular,0
493,25,79.71,9.0,Thu,PM,Aqua,1,Advance,Loyal,1
494,17,68.3,8.0,Thu,PM,Cycling,1,Advance,Loyal,1
495,4,89.38,11.0,Fri,AM,Strength,0,Advance,New,0
496,10,89.19,8.0,Thu,AM,Cycling,0,Advance,Regular,0
497,7,77.96,2.0,Mon,AM,HIIT,0,Short-notice,Regular,0
498,7,77.92,8.0,Thu,AM,Cycling,0,Advance,Regular,0
499,11,76.3,12.0,Sat,AM,Cycling,0,Advance,Regular,0
500,27,67.79,12.0,Sat,AM,HIIT,1,Advance,Loyal,1
501,9,73.42,12.0,Sat,AM,HIIT,0,Advance,Regular,0
502,17,71.49,4.0,Tue,PM,Yoga,0,Short-notice,Loyal,1
503,14,71.04,6.0,Wed,PM,HIIT,0,Short-notice,Loyal,1
504,20,79.93,8.0,Thu,PM,Cycling,0,Advance,Loyal,1
505,11,88.93,14.0,Sun,AM,HIIT,0,Advance,Regular,0
506,7,80.38,8.0,Thu,AM,HIIT,0,Advance,Regular,0
507,14,86.68,2.0,Mon,AM,HIIT,0,Short-notice,Loyal,1
508,5,100.08,8.0,Thu,AM,HIIT,0,Advance,New,0
509,5,90.34,2.0,Mon,PM,HIIT,0,Short-notice,New,0
510,8,89.81,12.0,Sat,AM,HIIT,0,Advance,Regular,0
511,8,73.28,14.0,Sun,AM,HIIT,0,Advance,Regular,0
512,15,104.35,14.0,Sun,AM,HIIT,0,Advance,Loyal,1
513,14,72.28,13.0,Sun,PM,HIIT,0,Advance,Loyal,1
514,6,72.56,2.0,Mon,PM,HIIT,0,Short-notice,Regular,0
515,5,100.69,8.0,Thu,AM,HIIT,1,Advance,New,0
516,8,89.39,7.0,Thu,PM,HIIT,0,Advance,Regular,0
517,6,104.74,4.0,Tue,PM,Cycling,0,Short-notice,Regular,0
518,7,73.19,5.0,Wed,PM,Cycling,0,Short-notice,Regular,0
519,24,65.01,3.0,Mon,AM,Yoga,1,Short-notice,Loyal,1
520,25,73.09,10.0,Fri,AM,Yoga,0,Advance,Loyal,1
521,10,86.22,10.0,Fri,AM,Yoga,0,Advance,Regular,0
522,19,79.44,10.0,Fri,AM,HIIT,0,Advance,Loyal,1
523,20,71.28,4.0,Tue,AM,Cycling,0,Short-notice,Loyal,1
524,9,96.53,7.0,Wed,PM,HIIT,0,Advance,Regular,0
525,19,77.58,10.0,Fri,PM,HIIT,1,Advance,Loyal,1
526,7,100.32,2.0,Mon,AM,HIIT,0,Short-notice,Regular,0
527,6,100.43,10.0,Thu,PM,Aqua,0,Advance,Regular,0
528,5,94.55,3.0,Tue,PM,Strength,0,Short-notice,New,0
529,7,95.71,13.0,Sun,PM,HIIT,0,Advance,Regular,0
530,12,75.1,14.0,Sun,AM,Cycling,1,Advance,Regular,0
531,32,74.37,12.0,Sat,AM,Cycling,1,Advance,Loyal,1
532,73,66.5,2.0,Mon,AM,HIIT,1,Short-notice,Loyal,1
533,41,69.26,4.0,Tue,AM,HIIT,1,Short-notice,Loyal,1
534,33,81.68,8.0,Thu,AM,HIIT,1,Advance,Loyal,1
535,7,81.38,10.0,Fri,AM,Cycling,0,Advance,Regular,0
536,21,73.59,4.0,Tue,AM,HIIT,1,Short-notice,Loyal,1
537,22,71.52,10.0,Fri,AM,Strength,1,Advance,Loyal,1
538,13,98.72,8.0,Thu,AM,HIIT,0,Advance,Loyal,1
539,28,72.4,4.0,Tue,AM,Strength,0,Short-notice,Loyal,1
540,10,89.43,10.0,Fri,AM,HIIT,0,Advance,Regular,0
541,14,90.07,12.0,Sat,AM,HIIT,1,Advance,Loyal,1
542,8,75.28,12.0,Sat,AM,Strength,0,Advance,Regular,0
543,10,96.42,14.0,Sun,AM,HIIT,1,Advance,Regular,0
544,7,89.32,10.0,Fri,AM,HIIT,0,Advance,Regular,0
545,45,73.82,4.0,Tue,AM,HIIT,1,Short-notice,Loyal,1
546,33,82.2,10.0,Fri,AM,HIIT,1,Advance,Loyal,1
547,11,69.2,14.0,Sun,PM,Strength,0,Advance,Regular,0
548,12,86.94,8.0,Thu,AM,Strength,1,Advance,Regular,0
549,6,74.58,2.0,Mon,AM,Strength,0,Short-notice,Regular,0
550,11,86.49,10.0,Fri,AM,HIIT,0,Advance,Regular,0
551,21,65.79,10.0,Fri,AM,HIIT,1,Advance,Loyal,1
552,43,63.19,8.0,Thu,AM,HIIT,1,Advance,Loyal,1
553,11,80.65,9.0,Thu,AM,HIIT,0,Advance,Regular,0
554,9,88.9,8.0,Thu,AM,HIIT,0,Advance,Regular,0
555,17,81.36,7.0,Thu,PM,HIIT,1,Advance,Loyal,1
556,7,88.76,12.0,Sat,AM,HIIT,0,Advance,Regular,0
557,28,76.94,2.0,Mon,AM,Strength,1,Short-notice,Loyal,1
558,9,73.43,12.0,Sat,AM,HIIT,0,Advance,Regular,0
559,30,62.93,10.0,Fri,AM,HIIT,0,Advance,Loyal,1
560,8,76.09,10.0,Fri,AM,HIIT,0,Advance,Regular,0
561,14,82.03,2.0,Mon,AM,Strength,1,Short-notice,Loyal,1
562,4,93.8,14.0,Sun,AM,Strength,0,Advance,New,0
563,33,74.65,4.0,Tue,PM,Cycling,0,Short-notice,Loyal,1
564,32,73.05,2.0,Mon,AM,Strength,1,Short-notice,Loyal,1
565,10,92.9,2.0,Mon,AM,HIIT,0,Short-notice,Regular,0
566,3,105.26,10.0,Fri,AM,Cycling,0,Advance,New,0
567,15,60.48,2.0,Mon,AM,Strength,1,Short-notice,Loyal,1
568,18,91.96,4.0,Tue,AM,Cycling,1,Short-notice,Loyal,1
569,9,118.89,14.0,Sun,PM,HIIT,0,Advance,Regular,0
570,9,81.29,12.0,Sat,AM,HIIT,0,Advance,Regular,0
571,13,89.18,4.0,Tue,AM,HIIT,0,Short-notice,Loyal,1
572,6,88.92,14.0,Sun,AM,HIIT,0,Advance,Regular,0
573,17,86.76,14.0,Sun,AM,HIIT,1,Advance,Loyal,1
574,24,69.93,15.0,Sun,AM,HIIT,1,Advance,Loyal,1
575,33,65.48,10.0,Fri,AM,Strength,0,Advance,Loyal,1
576,6,93.61,10.0,Fri,AM,HIIT,0,Advance,Regular,0
577,6,93.9,5.0,Tue,PM,HIIT,0,Short-notice,Regular,0
578,13,66.22,11.0,Sat,PM,Cycling,0,Advance,Loyal,1
579,11,85.85,12.0,Thu,PM,Cycling,0,Advance,Regular,0
580,20,98.05,10.0,Fri,AM,Strength,1,Advance,Loyal,1
581,11,78.56,12.0,Sat,AM,HIIT,1,Advance,Regular,0
582,5,101.35,2.0,Mon,AM,-,0,Short-notice,New,0
583,26,103.79,13.0,Sat,PM,HIIT,1,Advance,Loyal,1
584,8,86.4,2.0,Mon,AM,Cycling,0,Short-notice,Regular,0
585,33,83.91,15.0,Sun,AM,HIIT,1,Advance,Loyal,1
586,12,81.96,2.0,Mon,PM,Cycling,0,Short-notice,Regular,0
587,16,76.97,4.0,Tue,AM,HIIT,0,Short-notice,Loyal,1
588,7,73.95,2.0,Mon,AM,Cycling,0,Short-notice,Regular,0
589,15,100.25,4.0,Tue,AM,Cycling,0,Short-notice,Loyal,1
590,9,107.75,10.0,Thu,PM,HIIT,0,Advance,Regular,0
591,61,73.69,10.0,Fri,AM,HIIT,1,Advance,Loyal,1
592,14,78.42,6.0,Wed,PM,HIIT,0,Short-notice,Loyal,1
593,7,95.77,2.0,Mon,AM,HIIT,0,Short-notice,Regular,0
594,48,65.02,10.0,Fri,AM,HIIT,1,Advance,Loyal,1
595,5,111.45,10.0,Fri,AM,HIIT,0,Advance,New,0
596,6,80.26,8.0,Wed,PM,HIIT,0,Advance,Regular,0
597,9,86.65,4.0,Tue,PM,Strength,1,Short-notice,Regular,0
598,13,93.42,8.0,Thu,AM,HIIT,1,Advance,Loyal,1
599,12,65.59,4.0,Tue,AM,Strength,0,Short-notice,Regular,0
600,10,87.93,13.0,Sat,AM,Cycling,0,Advance,Regular,0
601,19,73.83,10.0,Fri,AM,Cycling,0,Advance,Loyal,1
602,13,71.74,14.0,Sun,PM,Yoga,0,Advance,Loyal,1
603,6,73.63,8.0,Thu,AM,Yoga,0,Advance,Regular,0
604,38,74.23,2.0,Mon,AM,HIIT,0,Short-notice,Loyal,1
605,6,90.6,14.0,Sat,PM,HIIT,0,Advance,Regular,0
606,19,61.77,10.0,Fri,AM,HIIT,1,Advance,Loyal,1
607,12,62.92,17.0,Sun,PM,Aqua,0,Advance,Regular,0
608,23,85.39,4.0,Tue,AM,Cycling,1,Short-notice,Loyal,1
609,9,100.55,14.0,Sun,AM,Cycling,0,Advance,Regular,0
610,16,90.05,2.0,Mon,AM,Cycling,1,Short-notice,Loyal,1
611,21,64.96,14.0,Sun,AM,HIIT,1,Advance,Loyal,1
612,7,92.87,14.0,Sun,AM,HIIT,0,Advance,Regular,0
613,9,97.62,14.0,Sun,AM,Strength,1,Advance,Regular,0
614,14,79.4,10.0,Fri,AM,Cycling,0,Advance,Loyal,1
615,8,77.18,12.0,Sat,AM,HIIT,0,Advance,Regular,0
616,12,86.26,10.0,Fri,AM,Cycling,1,Advance,Regular,0
617,11,87.41,10.0,Fri,AM,Cycling,0,Advance,Regular,0
618,3,86.95,14.0,Sun,AM,HIIT,0,Advance,New,0
619,6,100.13,4.0,Tue,AM,HIIT,0,Short-notice,Regular,0
620,20,76.53,6.0,Wed,AM,Cycling,1,Short-notice,Loyal,1
621,50,68.92,2.0,Mon,AM,Cycling,1,Short-notice,Loyal,1
622,4,117.81,2.0,Mon,AM,Yoga,0,Short-notice,New,0
623,15,72.38,14.0,Sun,AM,HIIT,0,Advance,Loyal,1
624,9,104.31,10.0,Fri,AM,HIIT,0,Advance,Regular,0
625,14,87.57,10.0,Fri,AM,Cycling,0,Advance,Loyal,1
626,11,80.36,8.0,Thu,AM,HIIT,1,Advance,Regular,0
627,5,89.14,13.0,Sun,PM,Strength,0,Advance,New,0
628,16,83.92,9.0,Wed,PM,HIIT,0,Advance,Loyal,1
629,17,92.08,8.0,Thu,AM,HIIT,0,Advance,Loyal,1
630,11,78.02,10.0,Fri,AM,Strength,0,Advance,Regular,0
631,10,85.15,4.0,Tue,PM,HIIT,0,Short-notice,Regular,0
632,22,92.92,2.0,Mon,AM,Aqua,1,Short-notice,Loyal,1
633,16,73.52,8.0,Thu,AM,HIIT,1,Advance,Loyal,1
634,15,92.56,6.0,Wed,AM,HIIT,1,Short-notice,Loyal,1
635,20,67.33,10.0,Fri,AM,HIIT,1,Advance,Loyal,1
636,34,63.04,10.0,Fri,AM,Cycling,0,Advance,Loyal,1
637,19,75.78,3.0,Tue,PM,Cycling,0,Short-notice,Loyal,1
638,6,98.24,10.0,Fri,AM,HIIT,0,Advance,Regular,0
639,16,81.66,10.0,Fri,AM,HIIT,0,Advance,Loyal,1
640,7,78.08,2.0,Mon,AM,Aqua,0,Short-notice,Regular,0
641,19,79.09,8.0,Thu,PM,HIIT,1,Advance,Loyal,1
642,8,75.74,10.0,Wed,PM,Cycling,0,Advance,Regular,0
643,28,83.59,14.0,Sun,AM,-,1,Advance,Loyal,1
644,40,71.78,10.0,Fri,AM,Yoga,1,Advance,Loyal,1
645,14,94.11,14.0,Sun,AM,Yoga,0,Advance,Loyal,1
646,65,81.81,11.0,Sat,PM,Strength,1,Advance,Loyal,1
647,6,92.37,8.0,Thu,AM,HIIT,0,Advance,Regular,0
648,15,87.87,10.0,Fri,AM,Yoga,0,Advance,Loyal,1
649,5,120.58,12.0,Sat,AM,Cycling,0,Advance,New,0
650,33,65.27,14.0,Sun,AM,Strength,0,Advance,Loyal,1
651,8,78.59,3.0,Tue,PM,HIIT,0,Short-notice,Regular,0
652,19,62.4,10.0,Fri,AM,HIIT,1,Advance,Loyal,1
653,19,74.67,10.0,Fri,AM,Yoga,0,Advance,Loyal,1
654,6,101.17,12.0,Sat,AM,Cycling,0,Advance,Regular,0
655,18,79.35,8.0,Thu,AM,Cycling,0,Advance,Loyal,1
656,5,80.49,12.0,Sat,AM,Strength,0,Advance,New,0
657,13,71.99,6.0,Wed,AM,Strength,0,Short-notice,Loyal,1
658,21,74.06,12.0,Sat,AM,Strength,0,Advance,Loyal,1
659,12,72.51,2.0,Mon,AM,HIIT,0,Short-notice,Regular,0
660,8,96.19,2.0,Mon,AM,Aqua,0,Short-notice,Regular,0
661,55,73.66,4.0,Tue,AM,HIIT,1,Short-notice,Loyal,1
662,12,75.48,12.0,Sat,AM,Cycling,0,Advance,Regular,0
663,29,71.22,12.0,Sat,AM,HIIT,1,Advance,Loyal,1
664,22,83.28,4.0,Tue,PM,HIIT,0,Short-notice,Loyal,1
665,21,82.87,9.0,Thu,AM,Cycling,1,Advance,Loyal,1
666,22,74.67,7.0,Thu,PM,Cycling,0,Advance,Loyal,1
667,20,69.43,14.0,Sun,AM,Aqua,1,Advance,Loyal,1
668,12,78.39,10.0,Fri,AM,HIIT,1,Advance,Regular,0
669,13,78.87,8.0,Thu,AM,Yoga,1,Advance,Loyal,1
670,29,68.63,8.0,Thu,PM,HIIT,1,Advance,Loyal,1
671,6,119.63,14.0,Sun,AM,Strength,0,Advance,Regular,0
672,29,74.22,8.0,Thu,PM,Cycling,1,Advance,Loyal,1
673,9,84.72,10.0,Fri,AM,Yoga,1,Advance,Regular,0
674,5,91.71,10.0,Fri,AM,Cycling,0,Advance,New,0
675,19,79.35,12.0,Sat,AM,Strength,0,Advance,Loyal,1
676,21,98.24,8.0,Thu,AM,HIIT,1,Advance,Loyal,1
677,2,79.12,6.0,Wed,AM,HIIT,0,Short-notice,New,0
678,39,61.42,4.0,Tue,AM,Strength,1,Short-notice,Loyal,1
679,12,73.33,2.0,Mon,AM,Cycling,0,Short-notice,Regular,0
680,50,71.86,11.0,Sat,PM,HIIT,1,Advance,Loyal,1
681,9,81.55,8.0,Thu,PM,Cycling,0,Advance,Regular,0
682,13,78.54,2.0,Mon,AM,HIIT,0,Short-notice,Loyal,1
683,14,69.48,10.0,Fri,AM,HIIT,0,Advance,Loyal,1
684,29,69.87,11.0,Sat,PM,HIIT,1,Advance,Loyal,1
685,24,65.4,4.0,Tue,AM,HIIT,1,Short-notice,Loyal,1
686,45,73.9,4.0,Tue,AM,Aqua,1,Short-notice,Loyal,1
687,12,91.48,12.0,Sat,AM,Strength,0,Advance,Regular,0
688,3,78.67,14.0,Sun,AM,HIIT,0,Advance,New,0
689,19,92.99,6.0,Wed,PM,Cycling,1,Short-notice,Loyal,1
690,14,76.24,10.0,Fri,AM,HIIT,1,Advance,Loyal,1
691,38,77.43,6.0,Wed,AM,Cycling,1,Short-notice,Loyal,1
692,25,87.35,15.0,Sun,PM,Cycling,1,Advance,Loyal,1
693,6,93.32,8.0,Mon,PM,HIIT,0,Advance,Regular,0
694,3,170.52,14.0,Sun,AM,Yoga,0,Advance,New,0
695,23,74.51,14.0,Sun,AM,Yoga,1,Advance,Loyal,1
696,17,84.22,6.0,Wed,PM,Cycling,0,Short-notice,Loyal,1
697,9,110.07,14.0,Sun,AM,HIIT,0,Advance,Regular,0
698,12,78.44,12.0,Sat,AM,HIIT,1,Advance,Regular,0
699,19,76.8,12.0,Sat,AM,Aqua,0,Advance,Loyal,1
700,15,69.83,3.0,Mon,AM,Cycling,0,Short-notice,Loyal,1
701,10,82.74,14.0,Sun,AM,Cycling,1,Advance,Regular,0
702,4,102.47,8.0,Thu,AM,Strength,0,Advance,New,0
703,8,73.85,3.0,Mon,AM,Strength,0,Short-notice,Regular,0
704,41,72.5,10.0,Fri,AM,HIIT,1,Advance,Loyal,1
705,5,103.17,12.0,Sat,AM,-,0,Advance,New,0
706,10,83.71,8.0,Thu,PM,HIIT,0,Advance,Regular,0
707,6,88.74,4.0,Tue,AM,HIIT,0,Short-notice,Regular,0
708,15,80.04,15.0,Sun,AM,HIIT,1,Advance,Loyal,1
709,7,81.37,12.0,Sat,AM,Cycling,1,Advance,Regular,0
710,3,102.97,14.0,Sun,AM,Strength,0,Advance,New,0
711,24,79.64,5.0,Tue,PM,HIIT,1,Short-notice,Loyal,1
712,12,82.08,4.0,Tue,AM,Yoga,0,Short-notice,Regular,0
713,8,93.09,14.0,Sun,AM,Cycling,0,Advance,Regular,0
714,4,87.26,2.0,Mon,AM,Yoga,0,Short-notice,New,0
715,22,64.66,8.0,Thu,AM,Yoga,1,Advance,Loyal,1
716,27,77.96,10.0,Fri,AM,Cycling,0,Advance,Loyal,1
717,6,92.29,8.0,Thu,AM,Cycling,0,Advance,Regular,0
718,23,84.66,2.0,Mon,AM,Cycling,1,Short-notice,Loyal,1
719,6,101.59,4.0,Tue,PM,Cycling,0,Short-notice,Regular,0
720,3,94.44,10.0,Fri,AM,HIIT,0,Advance,New,0
721,31,65.71,2.0,Mon,AM,HIIT,0,Short-notice,Loyal,1
722,12,80.07,10.0,Fri,AM,Strength,0,Advance,Regular,0
723,6,100.76,4.0,Tue,PM,Cycling,0,Short-notice,Regular,0
724,11,90.45,2.0,Mon,AM,Cycling,1,Short-notice,Regular,0
725,36,72.07,12.0,Sat,AM,Cycling,1,Advance,Loyal,1
726,12,96.19,10.0,Fri,AM,Strength,1,Advance,Regular,0
727,11,69.41,4.0,Tue,AM,HIIT,0,Short-notice,Regular,0
728,20,83.84,8.0,Thu,AM,Cycling,1,Advance,Loyal,1
729,6,80.45,12.0,Sat,AM,Cycling,0,Advance,Regular,0
730,17,83.45,4.0,Tue,AM,Strength,1,Short-notice,Loyal,1
731,4,78.62,12.0,Sat,AM,HIIT,0,Advance,New,0
732,13,98.58,4.0,Tue,AM,Cycling,0,Short-notice,Loyal,1
733,16,70.3,13.0,Sat,PM,Cycling,0,Advance,Loyal,1
734,13,112.39,8.0,Thu,AM,HIIT,0,Advance,Loyal,1
735,7,80.65,8.0,Thu,AM,HIIT,0,Advance,Regular,0
736,8,81.56,2.0,Mon,AM,-,0,Short-notice,Regular,0
737,17,101.27,2.0,Mon,AM,HIIT,0,Short-notice,Loyal,1
738,9,73.8,12.0,Sat,AM,Strength,0,Advance,Regular,0
739,52,58.24,4.0,Tue,AM,Aqua,1,Short-notice,Loyal,1
740,18,78.68,12.0,Sat,AM,Yoga,0,Advance,Loyal,1
741,39,76.59,2.0,Mon,AM,Cycling,1,Short-notice,Loyal,1
742,10,75.19,10.0,Fri,AM,Yoga,0,Advance,Regular,0
743,11,80.65,10.0,Wed,PM,HIIT,0,Advance,Regular,0
744,15,76.65,8.0,Thu,PM,HIIT,0,Advance,Loyal,1
745,20,78.86,10.0,Fri,AM,Cycling,1,Advance,Loyal,1
746,25,74.67,2.0,Mon,AM,HIIT,0,Short-notice,Loyal,1
747,22,66.78,10.0,Fri,AM,Aqua,1,Advance,Loyal,1
748,7,98.71,2.0,Mon,AM,Yoga,0,Short-notice,Regular,0
749,7,81.46,14.0,Sun,AM,Yoga,0,Advance,Regular,0
750,6,71.74,8.0,Thu,PM,Cycling,0,Advance,Regular,0
751,5,78.28,7.0,Wed,AM,HIIT,0,Advance,New,0
752,20,75.03,8.0,Thu,AM,HIIT,0,Advance,Loyal,1
753,8,92.16,2.0,Mon,AM,HIIT,0,Short-notice,Regular,0
754,8,93.36,13.0,Sat,PM,HIIT,0,Advance,Regular,0
755,8,90.22,8.0,Thu,AM,Strength,0,Advance,Regular,0
756,7,79.14,14.0,Sun,AM,HIIT,0,Advance,Regular,0
757,12,89.83,12.0,Sat,AM,Cycling,0,Advance,Regular,0
758,14,74.33,6.0,Wed,AM,HIIT,0,Short-notice,Loyal,1
759,13,75.8,12.0,Sat,AM,Aqua,0,Advance,Loyal,1
760,24,68.93,15.0,Sun,PM,HIIT,1,Advance,Loyal,1
761,10,105.54,2.0,Mon,AM,Aqua,0,Short-notice,Regular,0
762,5,107.38,2.0,Mon,AM,Cycling,0,Short-notice,New,0
763,7,82.96,2.0,Mon,AM,HIIT,0,Short-notice,Regular,0
764,7,121.38,9.0,Thu,PM,Yoga,1,Advance,Regular,0
765,21,68.06,10.0,Fri,AM,Cycling,1,Advance,Loyal,1
766,39,74.52,6.0,Wed,PM,Strength,1,Short-notice,Loyal,1
767,14,70.29,8.0,Thu,AM,Cycling,1,Advance,Loyal,1
768,13,71.55,8.0,Thu,AM,HIIT,0,Advance,Loyal,1
769,20,76.03,10.0,Fri,AM,Cycling,0,Advance,Loyal,1
770,5,110.13,10.0,Fri,AM,HIIT,0,Advance,New,0
771,11,71.35,14.0,Sun,AM,HIIT,0,Advance,Regular,0
772,11,77.92,10.0,Fri,AM,HIIT,1,Advance,Regular,0
773,16,71.48,10.0,Fri,AM,HIIT,1,Advance,Loyal,1
774,16,81.34,10.0,Fri,AM,Cycling,0,Advance,Loyal,1
775,6,92.03,12.0,Sat,AM,HIIT,0,Advance,Regular,0
776,25,84.04,15.0,Sun,PM,Cycling,0,Advance,Loyal,1
777,6,104.78,13.0,Sun,PM,Strength,0,Advance,Regular,0
778,2,88.22,7.0,Thu,PM,Aqua,0,Advance,New,0
779,18,61.4,8.0,Thu,AM,HIIT,0,Advance,Loyal,1
780,13,80.89,10.0,Fri,AM,Strength,0,Advance,Loyal,1
781,8,88.98,2.0,Mon,PM,Cycling,0,Short-notice,Regular,0
782,10,80.65,5.0,Tue,PM,HIIT,0,Short-notice,Regular,0
783,15,85.42,12.0,Sat,AM,Strength,0,Advance,Loyal,1
784,18,74.33,2.0,Mon,AM,Cycling,1,Short-notice,Loyal,1
785,23,70.26,2.0,Mon,AM,HIIT,0,Short-notice,Loyal,1
786,7,97.76,10.0,Fri,AM,Strength,0,Advance,Regular,0
787,18,74.69,8.0,Thu,AM,Cycling,0,Advance,Loyal,1
788,9,80.3,15.0,Sun,PM,Yoga,0,Advance,Regular,0
789,12,80.56,2.0,Mon,AM,HIIT,1,Short-notice,Regular,0
790,10,76.13,8.0,Thu,AM,HIIT,0,Advance,Regular,0
791,13,77.37,12.0,Wed,PM,HIIT,0,Advance,Loyal,1
792,4,91.43,7.0,Wed,AM,Cycling,0,Advance,New,0
793,11,76.97,2.0,Mon,AM,Cycling,0,Short-notice,Regular,0
794,9,87.62,10.0,Fri,AM,Cycling,0,Advance,Regular,0
795,13,76.75,10.0,Fri,AM,Strength,0,Advance,Loyal,1
796,10,81.47,14.0,Sun,AM,Cycling,0,Advance,Regular,0
797,17,98.6,10.0,Fri,AM,Yoga,0,Advance,Loyal,1
798,15,79.43,14.0,Sun,PM,HIIT,0,Advance,Loyal,1
799,12,77.72,10.0,Fri,AM,HIIT,0,Advance,Regular,0
800,22,73.51,14.0,Sun,AM,HIIT,1,Advance,Loyal,1
801,36,65.78,6.0,Wed,AM,Cycling,0,Short-notice,Loyal,1
802,25,70.57,4.0,Tue,AM,HIIT,1,Short-notice,Loyal,1
803,6,98.75,2.0,Mon,AM,Yoga,0,Short-notice,Regular,0
804,10,82.86,5.0,Wed,PM,HIIT,0,Short-notice,Regular,0
805,19,64.09,14.0,Sun,PM,Yoga,0,Advance,Loyal,1
806,5,71.81,10.0,Fri,AM,Strength,0,Advance,New,0
807,4,102.92,12.0,Sat,AM,HIIT,0,Advance,New,0
808,7,80.18,8.0,Thu,AM,Strength,0,Advance,Regular,0
809,19,74.11,12.0,Sat,AM,Cycling,0,Advance,Loyal,1
810,18,78.39,14.0,Sun,AM,Yoga,1,Advance,Loyal,1
811,22,73.72,6.0,Wed,AM,Cycling,1,Short-notice,Loyal,1
812,14,75.69,5.0,Tue,PM,Strength,0,Short-notice,Loyal,1
813,22,85.12,10.0,Fri,AM,Yoga,0,Advance,Loyal,1
814,25,79.99,4.0,Tue,AM,Cycling,1,Short-notice,Loyal,1
815,6,95.82,4.0,Tue,AM,HIIT,0,Short-notice,Regular,0
816,10,88.47,10.0,Fri,AM,Cycling,0,Advance,Regular,0
817,28,64.23,4.0,Tue,AM,Strength,0,Short-notice,Loyal,1
818,17,72.14,12.0,Sat,AM,Yoga,1,Advance,Loyal,1
819,22,63.16,2.0,Mon,AM,Strength,1,Short-notice,Loyal,1
820,7,78.28,3.0,Tue,PM,Cycling,1,Short-notice,Regular,0
821,21,83.77,2.0,Mon,AM,Strength,1,Short-notice,Loyal,1
822,2,113.93,12.0,Sat,AM,Yoga,0,Advance,New,0
823,18,70.63,14.0,Sun,AM,Strength,1,Advance,Loyal,1
824,7,75.56,10.0,Fri,AM,HIIT,0,Advance,Regular,0
825,11,88.68,2.0,Mon,PM,HIIT,0,Short-notice,Regular,0
826,6,101.8,6.0,Wed,PM,HIIT,0,Short-notice,Regular,0
827,3,95.73,2.0,Mon,PM,HIIT,0,Short-notice,New,0
828,14,84.82,2.0,Mon,AM,Aqua,0,Short-notice,Loyal,1
829,23,74.79,2.0,Mon,PM,Aqua,1,Short-notice,Loyal,1
830,4,123.9,7.0,Wed,AM,HIIT,0,Advance,New,0
831,14,73.37,7.0,Thu,PM,Yoga,1,Advance,Loyal,1
832,25,71.39,12.0,Sat,PM,Aqua,0,Advance,Loyal,1
833,12,93.43,10.0,Fri,AM,HIIT,1,Advance,Regular,0
834,14,80.54,10.0,Fri,AM,Aqua,0,Advance,Loyal,1
835,10,85.67,2.0,Mon,AM,HIIT,0,Short-notice,Regular,0
836,6,83.98,4.0,Tue,AM,Cycling,0,Short-notice,Regular,0
837,10,66.72,10.0,Wed,PM,HIIT,0,Advance,Regular,0
838,12,102.84,2.0,Mon,PM,Strength,0,Short-notice,Regular,0
839,15,88.18,2.0,Mon,AM,HIIT,0,Short-notice,Loyal,1
840,5,84.22,4.0,Tue,AM,Cycling,0,Short-notice,New,0
841,10,91.94,10.0,Fri,AM,Aqua,0,Advance,Regular,0
842,7,84.64,9.0,Thu,PM,HIIT,0,Advance,Regular,0
843,12,72.0,12.0,Sat,AM,HIIT,0,Advance,Regular,0
844,8,68.34,12.0,Sat,PM,Aqua,0,Advance,Regular,0
845,16,65.81,5.0,Wed,PM,Aqua,0,Short-notice,Loyal,1
846,43,72.42,14.0,Sun,AM,HIIT,1,Advance,Loyal,1
847,9,86.95,8.0,Thu,AM,Strength,1,Advance,Regular,0
848,19,103.99,2.0,Mon,AM,HIIT,1,Short-notice,Loyal,1
849,7,74.35,15.0,Sun,AM,Cycling,1,Advance,Regular,0
850,15,68.26,10.0,Fri,AM,Cycling,0,Advance,Loyal,1
851,20,80.4,13.0,Sat,AM,HIIT,0,Advance,Loyal,1
852,8,93.5,8.0,Thu,AM,HIIT,1,Advance,Regular,0
853,22,73.15,2.0,Mon,AM,Cycling,1,Short-notice,Loyal,1
854,7,104.27,4.0,Tue,AM,HIIT,0,Short-notice,Regular,0
855,16,83.93,8.0,Thu,AM,Cycling,0,Advance,Loyal,1
856,97,65.69,2.0,Mon,AM,HIIT,1,Short-notice,Loyal,1
857,12,77.36,8.0,Thu,PM,Cycling,0,Advance,Regular,0
858,9,86.87,14.0,Sun,AM,Cycling,0,Advance,Regular,0
859,5,112.43,3.0,Tue,PM,HIIT,0,Short-notice,New,0
860,9,82.14,10.0,Thu,PM,HIIT,0,Advance,Regular,0
861,6,95.66,3.0,Tue,PM,Cycling,0,Short-notice,Regular,0
862,12,68.82,2.0,Mon,AM,HIIT,0,Short-notice,Regular,0
863,7,92.39,4.0,Tue,AM,HIIT,0,Short-notice,Regular,0
864,6,89.52,9.0,Thu,PM,Cycling,0,Advance,Regular,0
865,4,81.33,7.0,Thu,PM,Cycling,0,Advance,New,0
866,10,70.79,6.0,Wed,PM,Cycling,0,Short-notice,Regular,0
867,15,83.72,4.0,Tue,AM,Cycling,0,Short-notice,Loyal,1
868,8,91.17,12.0,Thu,PM,Yoga,0,Advance,Regular,0
869,15,72.35,6.0,Wed,PM,HIIT,0,Short-notice,Loyal,1
870,5,108.14,8.0,Thu,AM,Yoga,1,Advance,New,0
871,13,75.62,7.0,Wed,PM,Cycling,0,Advance,Loyal,1
872,22,80.87,10.0,Fri,AM,Aqua,1,Advance,Loyal,1
873,5,85.46,11.0,Fri,AM,Cycling,0,Advance,New,0
874,9,95.9,10.0,Fri,AM,HIIT,0,Advance,Regular,0
875,4,89.51,4.0,Tue,AM,Cycling,0,Short-notice,New,0
876,4,92.01,13.0,Sun,PM,HIIT,0,Advance,New,0
877,16,87.89,15.0,Thu,PM,HIIT,0,Advance,Loyal,1
878,13,86.73,10.0,Fri,AM,HIIT,0,Advance,Loyal,1
879,21,74.69,8.0,Thu,AM,Aqua,1,Advance,Loyal,1
880,20,73.04,14.0,Sun,AM,HIIT,0,Advance,Loyal,1
881,6,113.19,14.0,Sun,AM,Cycling,0,Advance,Regular,0
882,41,73.9,8.0,Thu,AM,HIIT,0,Advance,Loyal,1
883,2,120.81,2.0,Mon,AM,Cycling,0,Short-notice,New,0
884,10,83.37,3.0,Mon,AM,Strength,0,Short-notice,Regular,0
885,18,87.7,7.0,Wed,PM,Cycling,0,Advance,Loyal,1
886,13,77.89,4.0,Tue,PM,Cycling,1,Short-notice,Loyal,1
887,1,112.5,12.0,Fri,PM,Yoga,0,Advance,New,0
888,13,73.16,6.0,Wed,PM,HIIT,1,Short-notice,Loyal,1
889,23,82.96,8.0,Thu,AM,Strength,1,Advance,Loyal,1
890,17,80.49,4.0,Tue,PM,Cycling,0,Short-notice,Loyal,1
891,5,71.91,12.0,Sat,AM,HIIT,0,Advance,New,0
892,27,75.63,9.0,Thu,PM,Yoga,1,Advance,Loyal,1
893,7,100.89,8.0,Thu,AM,Yoga,1,Advance,Regular,0
894,6,75.8,14.0,Sun,AM,Cycling,0,Advance,Regular,0
895,13,70.49,12.0,Sat,AM,Aqua,0,Advance,Loyal,1
896,20,66.31,14.0,Sun,AM,HIIT,0,Advance,Loyal,1
897,6,102.68,14.0,Sun,AM,HIIT,0,Advance,Regular,0
898,19,79.19,13.0,Sat,PM,Cycling,1,Advance,Loyal,1
899,23,83.65,5.0,Tue,PM,Cycling,1,Short-notice,Loyal,1
900,7,90.83,10.0,Fri,AM,Cycling,0,Advance,Regular,0
901,6,77.55,14.0,Sun,AM,Strength,0,Advance,Regular,0
902,11,87.13,14.0,Sun,AM,HIIT,0,Advance,Regular,0
903,11,76.69,2.0,Mon,PM,HIIT,0,Short-notice,Regular,0
904,13,92.64,10.0,Fri,AM,HIIT,1,Advance,Loyal,1
905,19,82.38,3.0,Tue,PM,Strength,0,Short-notice,Loyal,1
906,5,83.85,15.0,Fri,PM,Strength,1,Advance,New,0
907,32,69.71,10.0,Thu,PM,Strength,1,Advance,Loyal,1
908,11,68.33,8.0,Thu,AM,Strength,0,Advance,Regular,0
909,17,90.19,12.0,Sat,PM,HIIT,0,Advance,Loyal,1
910,27,62.32,8.0,Thu,PM,HIIT,1,Advance,Loyal,1
911,9,79.91,12.0,Sat,AM,HIIT,0,Advance,Regular,0
912,4,102.62,14.0,Sun,AM,Cycling,0,Advance,New,0
913,9,87.94,10.0,Fri,AM,HIIT,0,Advance,Regular,0
914,23,73.8,10.0,Fri,AM,HIIT,1,Advance,Loyal,1
915,8,84.11,6.0,Wed,AM,Cycling,0,Short-notice,Regular,0
916,8,99.26,12.0,Sat,AM,Aqua,0,Advance,Regular,0
917,5,110.25,2.0,Mon,AM,HIIT,0,Short-notice,New,0
918,7,90.71,15.0,Sun,PM,Aqua,1,Advance,Regular,0
919,19,79.46,3.0,Tue,PM,Cycling,0,Short-notice,Loyal,1
920,4,86.59,12.0,Sat,AM,Strength,0,Advance,New,0
921,31,70.14,14.0,Sun,AM,Cycling,1,Advance,Loyal,1
922,24,72.74,10.0,Fri,AM,Cycling,1,Advance,Loyal,1
923,7,78.74,2.0,Mon,AM,Strength,0,Short-notice,Regular,0
924,8,94.26,10.0,Fri,AM,Yoga,0,Advance,Regular,0
925,9,78.28,6.0,Wed,PM,Strength,0,Short-notice,Regular,0
926,20,65.61,12.0,Sat,AM,Cycling,1,Advance,Loyal,1
927,12,89.71,4.0,Tue,AM,Strength,1,Short-notice,Regular,0
928,13,78.43,4.0,Tue,PM,HIIT,0,Short-notice,Loyal,1
929,22,61.15,2.0,Mon,AM,Strength,0,Short-notice,Loyal,1
930,4,109.66,14.0,Sun,AM,Strength,0,Advance,New,0
931,11,81.33,5.0,Wed,PM,Cycling,0,Short-notice,Regular,0
932,11,114.87,15.0,Sun,PM,HIIT,0,Advance,Regular,0
933,17,68.55,8.0,Thu,AM,HIIT,1,Advance,Loyal,1
934,36,58.42,4.0,Mon,PM,HIIT,0,Short-notice,Loyal,1
935,12,78.79,2.0,Mon,AM,HIIT,0,Short-notice,Regular,0
936,12,88.38,9.0,Thu,PM,HIIT,0,Advance,Regular,0
937,10,75.63,4.0,Tue,PM,Strength,0,Short-notice,Regular,0
938,8,72.67,2.0,Mon,AM,HIIT,0,Short-notice,Regular,0
939,4,82.25,14.0,Sun,AM,Strength,0,Advance,New,0
940,33,73.91,14.0,Sun,AM,Cycling,1,Advance,Loyal,1
941,9,69.62,2.0,Mon,AM,HIIT,0,Short-notice,Regular,0
942,32,67.75,2.0,Mon,AM,HIIT,0,Short-notice,Loyal,1
943,21,78.47,10.0,Fri,AM,HIIT,0,Advance,Loyal,1
944,14,75.73,8.0,Mon,PM,HIIT,0,Advance,Loyal,1
945,11,85.33,4.0,Tue,AM,Cycling,0,Short-notice,Regular,0
946,55,67.57,5.0,Tue,PM,Cycling,1,Short-notice,Loyal,1
947,10,101.37,10.0,Fri,AM,HIIT,0,Advance,Regular,0
948,13,92.63,14.0,Sun,AM,HIIT,1,Advance,Loyal,1
949,15,78.13,14.0,Sun,AM,HIIT,0,Advance,Loyal,1
950,11,66.38,15.0,Sun,AM,Yoga,0,Advance,Regular,0
951,5,84.93,8.0,Thu,AM,Cycling,0,Advance,New,0
952,18,96.81,13.0,Sat,PM,Cycling,0,Advance,Loyal,1
953,7,78.69,10.0,Fri,AM,HIIT,0,Advance,Regular,0
954,23,86.62,12.0,Sat,AM,HIIT,0,Advance,Loyal,1
955,6,70.71,12.0,Sat,AM,Cycling,0,Advance,Regular,0
956,37,73.62,15.0,Sun,AM,Strength,1,Advance,Loyal,1
957,5,115.91,14.0,Sun,PM,HIIT,0,Advance,New,0
958,7,80.6,14.0,Sun,AM,Cycling,1,Advance,Regular,0
959,7,97.28,4.0,Tue,PM,Aqua,0,Short-notice,Regular,0
960,8,95.86,4.0,Tue,AM,Cycling,0,Short-notice,Regular,0
961,39,60.46,8.0,Thu,AM,HIIT,1,Advance,Loyal,1
962,8,85.28,2.0,Mon,AM,HIIT,0,Short-notice,Regular,0
963,14,68.83,6.0,Wed,PM,HIIT,0,Short-notice,Loyal,1
964,12,67.23,5.0,Wed,PM,Yoga,0,Short-notice,Regular,0
965,14,79.27,11.0,Fri,AM,Cycling,0,Advance,Loyal,1
966,4,96.79,8.0,Thu,PM,HIIT,0,Advance,New,0
967,17,72.1,7.0,Thu,PM,HIIT,0,Advance,Loyal,1
968,5,92.58,4.0,Tue,AM,Yoga,0,Short-notice,New,0
969,57,68.87,9.0,Thu,PM,HIIT,1,Advance,Loyal,1
970,17,68.89,8.0,Thu,AM,Cycling,1,Advance,Loyal,1
971,31,64.05,10.0,Thu,PM,Strength,0,Advance,Loyal,1
972,16,80.54,8.0,Thu,AM,Strength,1,Advance,Loyal,1
973,9,82.62,10.0,Fri,AM,Yoga,0,Advance,Regular,0
974,5,93.5,2.0,Mon,AM,Cycling,0,Short-notice,New,0
975,8,105.3,2.0,Mon,AM,HIIT,0,Short-notice,Regular,0
976,19,68.33,10.0,Fri,AM,Strength,0,Advance,Loyal,1
977,12,78.93,6.0,Wed,AM,Strength,0,Short-notice,Regular,0
978,13,72.14,10.0,Fri,AM,Strength,1,Advance,Loyal,1
979,7,81.92,2.0,Mon,AM,Strength,0,Short-notice,Regular,0
980,2,106.35,10.0,Fri,AM,HIIT,0,Advance,New,0
981,29,80.65,8.0,Thu,PM,HIIT,1,Advance,Loyal,1
982,13,83.12,10.0,Fri,AM,HIIT,1,Advance,Loyal,1
983,9,90.76,12.0,Sat,PM,HIIT,0,Advance,Regular,0
984,14,85.6,8.0,Thu,PM,HIIT,1,Advance,Loyal,1
985,30,74.91,7.0,Wed,PM,Yoga,0,Advance,Loyal,1
986,24,76.25,14.0,Sun,AM,Strength,1,Advance,Loyal,1
987,22,67.24,12.0,Sat,AM,Cycling,0,Advance,Loyal,1
988,26,84.52,12.0,Sat,AM,Yoga,1,Advance,Loyal,1
989,9,91.27,2.0,Mon,AM,Cycling,0,Short-notice,Regular,0
990,28,80.65,8.0,Thu,PM,HIIT,1,Advance,Loyal,1
991,19,72.1,5.0,Tue,PM,Cycling,0,Short-notice,Loyal,1
992,28,62.02,10.0,Fri,AM,Aqua,1,Advance,Loyal,1
993,12,107.34,4.0,Tue,PM,HIIT,1,Short-notice,Regular,0
994,4,108.35,2.0,Mon,AM,HIIT,0,Short-notice,New,0
995,28,68.42,8.0,Thu,AM,HIIT,0,Advance,Loyal,1
996,11,90.72,10.0,Fri,AM,Strength,0,Advance,Regular,0
997,8,89.73,4.0,Tue,AM,HIIT,0,Short-notice,Regular,0
998,11,94.38,4.0,Tue,PM,HIIT,0,Short-notice,Regular,0
999,8,118.88,6.0,Wed,AM,Cycling,0,Short-notice,Regular,0
1000,9,76.1,4.0,Tue,AM,HIIT,0,Short-notice,Regular,0
1001,4,116.17,14.0,Sun,AM,HIIT,0,Advance,New,0
1002,9,100.57,8.0,Thu,PM,Cycling,0,Advance,Regular,0
1003,6,107.06,10.0,Fri,AM,Cycling,0,Advance,Regular,0
1004,18,79.71,4.0,Tue,AM,HIIT,1,Short-notice,Loyal,1
1005,14,95.6,14.0,Sun,AM,HIIT,1,Advance,Loyal,1
1006,6,98.25,4.0,Tue,AM,Cycling,0,Short-notice,Regular,0
1007,4,97.91,8.0,Thu,AM,Aqua,0,Advance,New,0
1008,13,95.46,2.0,Mon,AM,HIIT,0,Short-notice,Loyal,1
1009,7,81.29,14.0,Sun,AM,Cycling,0,Advance,Regular,0
1010,10,85.44,4.0,Tue,AM,HIIT,1,Short-notice,Regular,0
1011,8,84.78,12.0,Sat,AM,Strength,0,Advance,Regular,0
1012,11,80.16,3.0,Mon,AM,HIIT,0,Short-notice,Regular,0
1013,6,77.02,8.0,Thu,AM,HIIT,0,Advance,Regular,0
1014,22,72.47,2.0,Mon,AM,HIIT,1,Short-notice,Loyal,1
1015,37,78.84,14.0,Sun,AM,Cycling,1,Advance,Loyal,1
1016,17,87.69,10.0,Fri,AM,Cycling,0,Advance,Loyal,1
1017,3,98.39,8.0,Thu,AM,HIIT,0,Advance,New,0
1018,12,77.86,13.0,Sat,PM,Strength,0,Advance,Regular,0
1019,20,78.85,5.0,Wed,PM,HIIT,1,Short-notice,Loyal,1
1020,11,68.87,10.0,Fri,AM,-,0,Advance,Regular,0
1021,11,75.72,10.0,Fri,AM,Cycling,0,Advance,Regular,0
1022,11,85.39,4.0,Tue,AM,Strength,0,Short-notice,Regular,0
1023,8,85.87,5.0,Wed,PM,Cycling,0,Short-notice,Regular,0
1024,24,78.37,2.0,Mon,AM,HIIT,1,Short-notice,Loyal,1
1025,8,84.76,6.0,Wed,PM,Cycling,0,Short-notice,Regular,0
1026,10,80.48,10.0,Fri,AM,Cycling,1,Advance,Regular,0
1027,14,70.03,2.0,Mon,AM,Cycling,0,Short-notice,Loyal,1
1028,30,66.57,10.0,Fri,AM,Cycling,1,Advance,Loyal,1
1029,39,72.72,10.0,Fri,AM,HIIT,1,Advance,Loyal,1
1030,16,77.38,14.0,Sun,AM,HIIT,1,Advance,Loyal,1
1031,25,69.54,2.0,Mon,AM,Yoga,0,Short-notice,Loyal,1
1032,11,87.59,2.0,Mon,AM,Strength,0,Short-notice,Regular,0
1033,5,92.73,11.0,Fri,PM,Yoga,0,Advance,New,0
1034,15,73.13,12.0,Sat,AM,Cycling,0,Advance,Loyal,1
1035,5,102.23,8.0,Thu,AM,Cycling,0,Advance,New,0
1036,16,80.51,10.0,Fri,AM,Strength,0,Advance,Loyal,1
1037,27,64.44,2.0,Mon,AM,HIIT,1,Short-notice,Loyal,1
1038,7,99.82,8.0,Thu,AM,HIIT,0,Advance,Regular,0
1039,11,89.04,7.0,Wed,PM,Cycling,0,Advance,Regular,0
1040,14,75.22,4.0,Tue,AM,HIIT,0,Short-notice,Loyal,1
1041,3,92.28,14.0,Sun,AM,HIIT,0,Advance,New,0
1042,8,71.45,7.0,Wed,PM,Cycling,0,Advance,Regular,0
1043,6,99.08,2.0,Mon,AM,Cycling,0,Short-notice,Regular,0
1044,27,66.27,14.0,Sun,AM,Yoga,1,Advance,Loyal,1
1045,6,98.74,8.0,Thu,AM,HIIT,0,Advance,Regular,0
1046,13,84.03,10.0,Fri,AM,Strength,0,Advance,Loyal,1
1047,43,75.68,7.0,Tue,PM,Strength,0,Advance,Loyal,1
1048,5,72.36,11.0,Thu,PM,Cycling,0,Advance,New,0
1049,34,72.59,15.0,Sun,PM,HIIT,1,Advance,Loyal,1
1050,13,108.49,15.0,Sun,PM,Cycling,0,Advance,Loyal,1
1051,66,74.76,12.0,Sat,AM,Strength,1,Advance,Loyal,1
1052,6,87.67,8.0,Thu,AM,Yoga,0,Advance,Regular,0
1053,11,98.58,14.0,Sun,PM,Aqua,0,Advance,Regular,0
1054,14,87.44,10.0,Fri,AM,HIIT,0,Advance,Loyal,1
1055,44,67.44,6.0,Wed,AM,Yoga,1,Short-notice,Loyal,1
1056,16,84.73,4.0,Tue,AM,Cycling,1,Short-notice,Loyal,1
1057,12,70.37,2.0,Mon,AM,HIIT,1,Short-notice,Regular,0
1058,21,84.98,2.0,Mon,AM,HIIT,0,Short-notice,Loyal,1
1059,2,103.2,12.0,Sat,PM,HIIT,0,Advance,New,0
1060,7,105.02,16.0,Sun,PM,Yoga,0,Advance,Regular,0
1061,5,82.28,14.0,Sun,AM,Aqua,0,Advance,New,0
1062,18,75.51,2.0,Mon,AM,HIIT,0,Short-notice,Loyal,1
1063,20,79.56,14.0,Sun,AM,Strength,1,Advance,Loyal,1
1064,27,74.64,10.0,Fri,AM,Yoga,1,Advance,Loyal,1
1065,5,113.01,14.0,Sun,AM,HIIT,0,Advance,New,0
1066,13,82.63,10.0,Fri,AM,HIIT,1,Advance,Loyal,1
1067,15,88.37,14.0,Sun,AM,HIIT,0,Advance,Loyal,1
1068,10,83.46,10.0,Fri,AM,Strength,0,Advance,Regular,0
1069,15,101.58,8.0,Thu,AM,HIIT,0,Advance,Loyal,1
1070,8,86.87,10.0,Fri,AM,HIIT,1,Advance,Regular,0
1071,9,89.78,10.0,Fri,AM,HIIT,0,Advance,Regular,0
1072,6,105.3,7.0,Wed,PM,HIIT,0,Advance,Regular,0
1073,7,73.57,10.0,Fri,AM,HIIT,0,Advance,Regular,0
1074,11,70.23,14.0,Sun,AM,Strength,0,Advance,Regular,0
1075,12,113.45,12.0,Sat,AM,Cycling,0,Advance,Regular,0
1076,37,80.65,11.0,Sat,PM,HIIT,1,Advance,Loyal,1
1077,15,79.93,10.0,Fri,AM,HIIT,0,Advance,Loyal,1
1078,9,81.36,2.0,Mon,AM,HIIT,1,Short-notice,Regular,0
1079,6,95.25,12.0,Sat,AM,HIIT,0,Advance,Regular,0
1080,13,76.99,14.0,Sun,PM,HIIT,0,Advance,Loyal,1
1081,19,76.36,10.0,Fri,AM,Strength,0,Advance,Loyal,1
1082,2,107.87,3.0,Tue,PM,Strength,0,Short-notice,New,0
1083,17,77.38,6.0,Wed,PM,HIIT,0,Short-notice,Loyal,1
1084,12,60.28,2.0,Mon,AM,Strength,1,Short-notice,Regular,0
1085,25,71.24,4.0,Tue,PM,Strength,0,Short-notice,Loyal,1
1086,36,66.3,10.0,Fri,AM,HIIT,1,Advance,Loyal,1
1087,15,82.72,12.0,Sat,AM,Cycling,0,Advance,Loyal,1
1088,15,81.13,4.0,Tue,AM,HIIT,1,Short-notice,Loyal,1
1089,11,106.15,10.0,Fri,AM,Cycling,1,Advance,Regular,0
1090,16,76.18,13.0,Sun,PM,Cycling,1,Advance,Loyal,1
1091,7,83.9,7.0,Thu,PM,Strength,0,Advance,Regular,0
1092,15,74.44,12.0,Sat,AM,Strength,0,Advance,Loyal,1
1093,7,97.03,10.0,Fri,AM,Strength,0,Advance,Regular,0
1094,10,75.94,4.0,Tue,AM,Cycling,0,Short-notice,Regular,0
1095,12,72.15,10.0,Fri,AM,Aqua,1,Advance,Regular,0
1096,5,76.18,3.0,Tue,PM,Strength,0,Short-notice,New,0
1097,20,90.68,10.0,Fri,AM,Cycling,0,Advance,Loyal,1
1098,3,88.66,8.0,Thu,AM,HIIT,0,Advance,New,0
1099,7,112.71,14.0,Sun,AM,HIIT,0,Advance,Regular,0
1100,30,65.6,9.0,Fri,PM,Cycling,0,Advance,Loyal,1
1101,39,86.12,12.0,Sat,AM,HIIT,1,Advance,Loyal,1
1102,15,70.98,6.0,Wed,AM,Yoga,0,Short-notice,Loyal,1
1103,11,83.37,6.0,Wed,AM,Cycling,0,Short-notice,Regular,0
1104,47,71.17,12.0,Sat,AM,Yoga,1,Advance,Loyal,1
1105,13,77.43,10.0,Fri,AM,-,0,Advance,Loyal,1
1106,16,79.54,11.0,Fri,AM,Aqua,1,Advance,Loyal,1
1107,65,60.62,12.0,Sat,AM,HIIT,1,Advance,Loyal,1
1108,7,77.76,7.0,Wed,PM,Strength,0,Advance,Regular,0
1109,5,81.07,4.0,Tue,AM,HIIT,0,Short-notice,New,0
1110,11,106.25,4.0,Tue,PM,HIIT,1,Short-notice,Regular,0
1111,18,68.84,10.0,Fri,AM,HIIT,0,Advance,Loyal,1
1112,14,69.0,8.0,Thu,AM,Cycling,1,Advance,Loyal,1
1113,8,86.34,10.0,Fri,AM,HIIT,0,Advance,Regular,0
1114,7,79.69,3.0,Mon,AM,Cycling,0,Short-notice,Regular,0
1115,9,75.46,14.0,Sun,AM,Yoga,0,Advance,Regular,0
1116,14,73.31,12.0,Sat,AM,Cycling,0,Advance,Loyal,1
1117,15,65.47,6.0,Wed,AM,HIIT,1,Short-notice,Loyal,1
1118,9,69.85,8.0,Thu,AM,HIIT,0,Advance,Regular,0
1119,3,127.59,8.0,Thu,AM,Cycling,0,Advance,New,0
1120,16,81.33,8.0,Thu,AM,Cycling,1,Advance,Loyal,1
1121,30,66.24,10.0,Fri,AM,HIIT,1,Advance,Loyal,1
1122,7,79.29,4.0,Tue,AM,HIIT,0,Short-notice,Regular,0
1123,42,64.79,10.0,Fri,AM,HIIT,0,Advance,Loyal,1
1124,6,84.71,8.0,Thu,PM,Aqua,1,Advance,Regular,0
1125,19,82.98,4.0,Tue,AM,Cycling,0,Short-notice,Loyal,1
1126,5,84.07,2.0,Mon,AM,HIIT,0,Short-notice,New,0
1127,13,73.96,8.0,Thu,AM,Yoga,0,Advance,Loyal,1
1128,14,69.96,8.0,Thu,AM,HIIT,0,Advance,Loyal,1
1129,15,80.28,14.0,Sun,AM,HIIT,0,Advance,Loyal,1
1130,8,79.83,7.0,Thu,PM,Strength,0,Advance,Regular,0
1131,15,77.2,10.0,Fri,AM,Cycling,0,Advance,Loyal,1
1132,17,69.11,4.0,Tue,AM,HIIT,0,Short-notice,Loyal,1
1133,31,66.13,14.0,Sun,AM,Cycling,0,Advance,Loyal,1
1134,19,84.1,3.0,Mon,AM,HIIT,0,Short-notice,Loyal,1
1135,29,68.39,14.0,Sun,AM,Strength,1,Advance,Loyal,1
1136,26,74.59,12.0,Sat,AM,Cycling,0,Advance,Loyal,1
1137,13,101.34,14.0,Sun,PM,Strength,0,Advance,Loyal,1
1138,25,65.79,5.0,Tue,PM,HIIT,0,Short-notice,Loyal,1
1139,25,72.79,4.0,Tue,AM,HIIT,0,Short-notice,Loyal,1
1140,10,91.96,8.0,Thu,AM,HIIT,0,Advance,Regular,0
1141,9,75.12,1.0,Mon,PM,HIIT,0,Short-notice,Regular,0
1142,5,89.44,4.0,Tue,AM,Yoga,0,Short-notice,New,0
1143,15,88.75,14.0,Sun,AM,Aqua,0,Advance,Loyal,1
1144,11,89.99,6.0,Wed,AM,Cycling,0,Short-notice,Regular,0
1145,9,106.16,6.0,Tue,PM,Cycling,0,Short-notice,Regular,0
1146,22,75.59,8.0,Thu,AM,HIIT,0,Advance,Loyal,1
1147,15,72.18,4.0,Tue,AM,HIIT,0,Short-notice,Loyal,1
1148,6,69.47,12.0,Sat,AM,HIIT,0,Advance,Regular,0
1149,18,84.65,2.0,Mon,AM,HIIT,1,Short-notice,Loyal,1
1150,7,82.02,2.0,Mon,AM,Yoga,0,Short-notice,Regular,0
1151,25,72.89,15.0,Sun,PM,HIIT,1,Advance,Loyal,1
1152,30,64.29,12.0,Sat,AM,Strength,1,Advance,Loyal,1
1153,8,76.19,8.0,Thu,PM,HIIT,0,Advance,Regular,0
1154,5,107.55,6.0,Wed,AM,Aqua,0,Short-notice,New,0
1155,16,81.5,4.0,Tue,AM,HIIT,1,Short-notice,Loyal,1
1156,16,83.76,2.0,Mon,AM,HIIT,0,Short-notice,Loyal,1
1157,4,80.76,8.0,Thu,PM,HIIT,1,Advance,New,0
1158,38,60.68,8.0,Thu,PM,Strength,1,Advance,Loyal,1
1159,20,85.5,4.0,Tue,PM,HIIT,1,Short-notice,Loyal,1
1160,19,88.18,12.0,Sat,PM,HIIT,1,Advance,Loyal,1
1161,33,70.46,10.0,Fri,AM,Yoga,1,Advance,Loyal,1
1162,6,72.05,2.0,Mon,AM,HIIT,0,Short-notice,Regular,0
1163,7,100.68,4.0,Tue,PM,HIIT,0,Short-notice,Regular,0
1164,10,87.59,10.0,Fri,AM,HIIT,1,Advance,Regular,0
1165,15,72.29,12.0,Sat,AM,HIIT,0,Advance,Loyal,1
1166,12,71.94,12.0,Sat,AM,HIIT,1,Advance,Regular,0
1167,8,80.65,5.0,Wed,PM,HIIT,0,Short-notice,Regular,0
1168,15,71.89,8.0,Thu,AM,Yoga,0,Advance,Loyal,1
1169,12,80.08,10.0,Fri,AM,HIIT,1,Advance,Regular,0
1170,9,83.06,10.0,Fri,AM,Cycling,0,Advance,Regular,0
1171,9,94.24,6.0,Wed,AM,Strength,0,Short-notice,Regular,0
1172,37,77.97,14.0,Sat,PM,HIIT,0,Advance,Loyal,1
1173,12,83.52,10.0,Fri,AM,Yoga,0,Advance,Regular,0
1174,6,72.65,14.0,Sun,AM,Cycling,0,Advance,Regular,0
1175,8,75.38,10.0,Fri,AM,Yoga,0,Advance,Regular,0
1176,11,64.78,2.0,Mon,AM,Cycling,1,Short-notice,Regular,0
1177,22,73.89,4.0,Tue,AM,HIIT,0,Short-notice,Loyal,1
1178,19,63.45,2.0,Mon,AM,Strength,1,Short-notice,Loyal,1
1179,13,71.23,14.0,Sun,PM,Yoga,0,Advance,Loyal,1
1180,15,84.82,2.0,Mon,AM,HIIT,1,Short-notice,Loyal,1
1181,8,85.87,14.0,Sun,AM,HIIT,0,Advance,Regular,0
1182,18,62.01,14.0,Sun,PM,Cycling,0,Advance,Loyal,1
1183,8,79.06,11.0,Sat,PM,Strength,0,Advance,Regular,0
1184,17,84.44,2.0,Mon,AM,HIIT,0,Short-notice,Loyal,1
1185,33,89.68,2.0,Mon,AM,Yoga,0,Short-notice,Loyal,1
1186,5,110.29,16.0,Sun,PM,HIIT,0,Advance,New,0
1187,17,82.26,10.0,Fri,AM,Yoga,0,Advance,Loyal,1
1188,13,73.16,10.0,Fri,AM,Strength,0,Advance,Loyal,1
1189,5,107.06,10.0,Fri,AM,Yoga,0,Advance,New,0
1190,19,98.45,10.0,Fri,AM,Cycling,0,Advance,Loyal,1
1191,30,69.49,1.0,Mon,PM,HIIT,1,Short-notice,Loyal,1
1192,10,74.58,12.0,Sat,AM,Cycling,0,Advance,Regular,0
1193,5,92.47,3.0,Tue,PM,HIIT,0,Short-notice,New,0
1194,12,83.1,13.0,Sun,PM,HIIT,0,Advance,Regular,0
1195,11,69.61,10.0,Fri,AM,HIIT,1,Advance,Regular,0
1196,14,103.33,8.0,Thu,AM,HIIT,0,Advance,Loyal,1
1197,16,74.33,10.0,Fri,AM,HIIT,1,Advance,Loyal,1
1198,12,74.04,4.0,Tue,PM,-,0,Short-notice,Regular,0
1199,6,94.48,1.0,Mon,PM,HIIT,1,Short-notice,Regular,0
1200,59,72.38,7.0,Wed,PM,Cycling,1,Advance,Loyal,1
1201,10,89.17,12.0,Sat,AM,HIIT,0,Advance,Regular,0
1202,5,103.62,2.0,Mon,AM,HIIT,0,Short-notice,New,0
1203,16,63.06,14.0,Sun,AM,Cycling,1,Advance,Loyal,1
1204,27,91.63,2.0,Mon,AM,Cycling,0,Short-notice,Loyal,1
1205,10,80.77,8.0,Thu,AM,Yoga,1,Advance,Regular,0
1206,51,74.81,10.0,Fri,AM,-,1,Advance,Loyal,1
1207,11,76.82,4.0,Tue,PM,HIIT,0,Short-notice,Regular,0
1208,23,75.49,10.0,Fri,AM,Cycling,0,Advance,Loyal,1
1209,12,72.33,14.0,Sun,AM,Cycling,1,Advance,Regular,0
1210,13,66.53,4.0,Tue,AM,Yoga,0,Short-notice,Loyal,1
1211,8,101.45,12.0,Sat,AM,Cycling,0,Advance,Regular,0
1212,38,82.68,10.0,Fri,AM,Cycling,1,Advance,Loyal,1
1213,29,74.85,8.0,Thu,AM,Cycling,1,Advance,Loyal,1
1214,16,83.87,15.0,Sun,AM,Cycling,0,Advance,Loyal,1
1215,3,80.49,10.0,Fri,AM,Strength,0,Advance,New,0
1216,7,80.56,12.0,Sat,AM,Strength,0,Advance,Regular,0
1217,4,83.66,4.0,Tue,AM,HIIT,0,Short-notice,New,0
1218,5,85.03,10.0,Fri,AM,Cycling,0,Advance,New,0
1219,15,93.03,6.0,Wed,AM,HIIT,0,Short-notice,Loyal,1
1220,3,90.34,10.0,Fri,AM,HIIT,0,Advance,New,0
1221,25,79.19,2.0,Mon,AM,HIIT,1,Short-notice,Loyal,1
1222,12,84.1,4.0,Tue,AM,HIIT,0,Short-notice,Regular,0
1223,36,67.08,14.0,Sun,AM,Cycling,0,Advance,Loyal,1
1224,38,78.83,10.0,Fri,AM,HIIT,1,Advance,Loyal,1
1225,6,87.93,12.0,Sat,AM,Cycling,0,Advance,Regular,0
1226,11,136.02,2.0,Mon,AM,HIIT,0,Short-notice,Regular,0
1227,41,61.37,5.0,Tue,PM,HIIT,1,Short-notice,Loyal,1
1228,4,84.12,8.0,Thu,AM,HIIT,0,Advance,New,0
1229,21,68.11,4.0,Tue,PM,Cycling,0,Short-notice,Loyal,1
1230,17,80.4,14.0,Sun,PM,Cycling,1,Advance,Loyal,1
1231,25,74.69,10.0,Fri,AM,Cycling,1,Advance,Loyal,1
1232,93,64.42,12.0,Sat,AM,Strength,1,Advance,Loyal,1
1233,17,91.63,10.0,Fri,AM,Yoga,1,Advance,Loyal,1
1234,10,76.58,8.0,Thu,AM,Yoga,0,Advance,Regular,0
1235,13,98.4,6.0,Wed,PM,HIIT,0,Short-notice,Loyal,1
1236,16,87.83,10.0,Fri,AM,HIIT,0,Advance,Loyal,1
1237,5,105.72,10.0,Fri,PM,Yoga,0,Advance,New,0
1238,18,90.76,10.0,Fri,AM,HIIT,0,Advance,Loyal,1
1239,21,74.17,8.0,Thu,AM,HIIT,0,Advance,Loyal,1
1240,8,75.42,10.0,Fri,AM,HIIT,1,Advance,Regular,0
1241,9,74.85,2.0,Mon,AM,HIIT,0,Short-notice,Regular,0
1242,15,74.76,10.0,Fri,AM,HIIT,0,Advance,Loyal,1
1243,27,65.59,10.0,Fri,AM,Strength,1,Advance,Loyal,1
1244,23,88.97,10.0,Fri,AM,Cycling,0,Advance,Loyal,1
1245,15,77.96,14.0,Sun,AM,Cycling,0,Advance,Loyal,1
1246,33,80.96,10.0,Fri,AM,Cycling,1,Advance,Loyal,1
1247,12,81.62,10.0,Fri,AM,HIIT,0,Advance,Regular,0
1248,4,97.16,4.0,Tue,PM,HIIT,0,Short-notice,New,0
1249,8,78.3,12.0,Sat,AM,Strength,0,Advance,Regular,0
1250,22,74.2,9.0,Thu,PM,Cycling,1,Advance,Loyal,1
1251,23,78.81,8.0,Thu,PM,Cycling,0,Advance,Loyal,1
1252,9,81.65,8.0,Thu,AM,Strength,0,Advance,Regular,0
1253,31,70.98,4.0,Tue,AM,HIIT,1,Short-notice,Loyal,1
1254,20,81.84,10.0,Fri,AM,HIIT,0,Advance,Loyal,1
1255,15,71.12,10.0,Fri,AM,HIIT,1,Advance,Loyal,1
1256,23,70.88,2.0,Mon,AM,Cycling,0,Short-notice,Loyal,1
1257,5,133.36,2.0,Mon,AM,Cycling,0,Short-notice,New,0
1258,11,76.05,10.0,Fri,AM,Cycling,0,Advance,Regular,0
1259,3,87.74,14.0,Sun,AM,Cycling,0,Advance,New,0
1260,13,83.47,6.0,Wed,AM,Yoga,0,Short-notice,Loyal,1
1261,25,67.46,8.0,Thu,AM,HIIT,1,Advance,Loyal,1
1262,41,71.94,12.0,Sat,AM,HIIT,1,Advance,Loyal,1
1263,10,111.31,10.0,Fri,AM,HIIT,0,Advance,Regular,0
1264,19,83.47,12.0,Sat,AM,Strength,0,Advance,Loyal,1
1265,13,73.05,14.0,Sun,PM,HIIT,1,Advance,Loyal,1
1266,5,82.14,4.0,Tue,AM,HIIT,0,Short-notice,New,0
1267,14,81.33,4.0,Tue,AM,Cycling,0,Short-notice,Loyal,1
1268,10,73.94,10.0,Fri,AM,Cycling,0,Advance,Regular,0
1269,7,82.26,3.0,Mon,PM,Strength,0,Short-notice,Regular,0
1270,23,68.06,8.0,Wed,PM,HIIT,0,Advance,Loyal,1
1271,5,82.61,12.0,Sat,AM,Yoga,0,Advance,New,0
1272,6,94.94,2.0,Mon,AM,Strength,0,Short-notice,Regular,0
1273,8,83.73,10.0,Fri,AM,Yoga,0,Advance,Regular,0
1274,15,73.72,12.0,Sat,AM,Cycling,0,Advance,Loyal,1
1275,43,67.14,3.0,Tue,PM,HIIT,1,Short-notice,Loyal,1
1276,17,72.1,12.0,Sat,AM,Strength,0,Advance,Loyal,1
1277,4,104.25,8.0,Thu,AM,Strength,0,Advance,New,0
1278,8,81.44,10.0,Fri,AM,HIIT,0,Advance,Regular,0
1279,13,78.39,12.0,Sat,AM,Cycling,0,Advance,Loyal,1
1280,17,67.46,8.0,Thu,AM,Cycling,0,Advance,Loyal,1
1281,7,102.6,12.0,Sat,AM,HIIT,0,Advance,Regular,0
1282,7,78.27,8.0,Thu,PM,Strength,0,Advance,Regular,0
1283,19,83.96,10.0,Fri,AM,HIIT,0,Advance,Loyal,1
1284,22,78.16,12.0,Sat,PM,HIIT,1,Advance,Loyal,1
1285,24,63.79,11.0,Fri,AM,Yoga,0,Advance,Loyal,1
1286,10,79.31,11.0,Fri,AM,Strength,0,Advance,Regular,0
1287,7,89.22,9.0,Thu,PM,Cycling,0,Advance,Regular,0
1288,41,80.54,11.0,Sat,PM,Strength,1,Advance,Loyal,1
1289,7,104.79,10.0,Fri,AM,HIIT,0,Advance,Regular,0
1290,31,79.68,14.0,Sun,AM,Aqua,0,Advance,Loyal,1
1291,10,80.23,12.0,Sat,AM,Aqua,0,Advance,Regular,0
1292,19,70.64,7.0,Thu,PM,Aqua,0,Advance,Loyal,1
1293,6,95.1,4.0,Tue,AM,HIIT,0,Short-notice,Regular,0
1294,12,89.8,10.0,Fri,AM,Aqua,0,Advance,Regular,0
1295,17,85.26,6.0,Wed,AM,Yoga,0,Short-notice,Loyal,1
1296,14,87.9,12.0,Sat,AM,Cycling,0,Advance,Loyal,1
1297,14,88.48,8.0,Thu,PM,Cycling,0,Advance,Loyal,1
1298,33,71.25,11.0,Fri,AM,Strength,1,Advance,Loyal,1
1299,8,94.46,10.0,Fri,AM,Cycling,0,Advance,Regular,0
1300,38,73.54,12.0,Sat,AM,Yoga,1,Advance,Loyal,1
1301,19,83.51,4.0,Tue,AM,Strength,1,Short-notice,Loyal,1
1302,21,81.88,6.0,Wed,AM,Aqua,0,Short-notice,Loyal,1
1303,5,92.9,5.0,Wed,PM,Cycling,0,Short-notice,New,0
1304,16,78.31,6.0,Wed,AM,Cycling,0,Short-notice,Loyal,1
1305,10,99.68,14.0,Sun,AM,Cycling,0,Advance,Regular,0
1306,7,94.0,10.0,Fri,AM,HIIT,0,Advance,Regular,0
1307,1,106.04,4.0,Tue,AM,Yoga,0,Short-notice,New,0
1308,4,81.9,4.0,Tue,AM,HIIT,0,Short-notice,New,0
1309,12,72.82,10.0,Fri,AM,HIIT,0,Advance,Regular,0
1310,12,99.32,2.0,Mon,AM,Cycling,0,Short-notice,Regular,0
1311,12,80.8,4.0,Tue,PM,HIIT,0,Short-notice,Regular,0
1312,20,103.58,8.0,Thu,AM,Cycling,1,Advance,Loyal,1
1313,6,85.35,2.0,Mon,AM,Strength,0,Short-notice,Regular,0
1314,16,71.36,14.0,Sun,AM,Cycling,1,Advance,Loyal,1
1315,29,77.95,17.0,Sun,PM,HIIT,1,Advance,Loyal,1
1316,15,61.91,14.0,Sun,PM,Yoga,1,Advance,Loyal,1
1317,8,100.23,2.0,Mon,AM,HIIT,1,Short-notice,Regular,0
1318,13,72.13,3.0,Tue,PM,Strength,0,Short-notice,Loyal,1
1319,54,67.03,3.0,Mon,AM,HIIT,1,Short-notice,Loyal,1
1320,14,82.93,10.0,Fri,AM,HIIT,1,Advance,Loyal,1
1321,42,62.02,12.0,Sat,AM,HIIT,1,Advance,Loyal,1
1322,4,71.07,12.0,Sat,PM,HIIT,0,Advance,New,0
1323,4,96.87,6.0,Wed,AM,HIIT,0,Short-notice,New,0
1324,8,73.43,14.0,Sun,AM,Cycling,0,Advance,Regular,0
1325,12,106.37,6.0,Wed,AM,Cycling,0,Short-notice,Regular,0
1326,24,64.51,14.0,Sun,AM,HIIT,1,Advance,Loyal,1
1327,6,82.63,12.0,Sat,AM,HIIT,0,Advance,Regular,0
1328,8,80.38,2.0,Mon,AM,Cycling,0,Short-notice,Regular,0
1329,11,99.29,10.0,Fri,AM,HIIT,0,Advance,Regular,0
1330,12,92.52,8.0,Thu,AM,Strength,0,Advance,Regular,0
1331,9,73.95,2.0,Mon,AM,-,0,Short-notice,Regular,0
1332,12,101.56,8.0,Thu,AM,HIIT,1,Advance,Regular,0
1333,21,75.55,11.0,Fri,AM,Cycling,0,Advance,Loyal,1
1334,6,84.85,10.0,Fri,AM,Cycling,0,Advance,Regular,0
1335,5,85.07,10.0,Fri,AM,HIIT,0,Advance,New,0
1336,15,97.98,10.0,Fri,AM,HIIT,1,Advance,Loyal,1
1337,4,81.33,14.0,Sun,AM,Cycling,1,Advance,New,0
1338,24,64.27,4.0,Tue,PM,Cycling,1,Short-notice,Loyal,1
1339,14,86.97,10.0,Fri,AM,Strength,0,Advance,Loyal,1
1340,9,85.91,4.0,Tue,PM,HIIT,1,Short-notice,Regular,0
1341,148,71.09,7.0,Thu,PM,Aqua,1,Advance,Loyal,1
1342,16,81.9,9.0,Thu,AM,HIIT,1,Advance,Loyal,1
1343,8,97.95,3.0,Tue,PM,Strength,0,Short-notice,Regular,0
1344,3,95.63,10.0,Fri,AM,Cycling,0,Advance,New,0
1345,6,98.55,4.0,Tue,PM,Yoga,0,Short-notice,Regular,0
1346,19,63.11,8.0,Thu,AM,Yoga,0,Advance,Loyal,1
1347,11,70.18,8.0,Thu,AM,HIIT,0,Advance,Regular,0
1348,9,83.35,6.0,Wed,AM,Cycling,1,Short-notice,Regular,0
1349,19,67.27,6.0,Wed,PM,HIIT,1,Short-notice,Loyal,1
1350,20,77.02,8.0,Thu,AM,Yoga,0,Advance,Loyal,1
1351,10,80.73,12.0,Sat,PM,Cycling,0,Advance,Regular,0
1352,58,64.11,14.0,Sun,AM,HIIT,1,Advance,Loyal,1
1353,9,83.71,6.0,Wed,AM,HIIT,0,Short-notice,Regular,0
1354,15,75.63,12.0,Sat,AM,HIIT,0,Advance,Loyal,1
1355,4,78.5,5.0,Tue,PM,HIIT,0,Short-notice,New,0
1356,4,107.11,10.0,Fri,AM,Cycling,0,Advance,New,0
1357,3,101.27,6.0,Wed,AM,HIIT,0,Short-notice,New,0
1358,9,80.63,12.0,Sat,AM,HIIT,0,Advance,Regular,0
1359,5,89.07,6.0,Wed,AM,Cycling,0,Short-notice,New,0
1360,20,87.83,8.0,Thu,AM,HIIT,1,Advance,Loyal,1
1361,18,98.25,12.0,Sat,AM,HIIT,1,Advance,Loyal,1
1362,13,76.5,2.0,Mon,AM,Cycling,0,Short-notice,Loyal,1
1363,13,87.91,10.0,Fri,AM,HIIT,0,Advance,Loyal,1
1364,10,80.65,5.0,Tue,PM,HIIT,0,Short-notice,Regular,0
1365,9,79.12,13.0,Sun,PM,Strength,0,Advance,Regular,0
1366,9,76.94,12.0,Sat,AM,HIIT,0,Advance,Regular,0
1367,12,84.13,29.0,Sun,PM,Strength,0,Advance,Regular,0
1368,8,79.69,8.0,Thu,AM,Cycling,0,Advance,Regular,0
1369,18,77.85,8.0,Thu,AM,Strength,1,Advance,Loyal,1
1370,12,71.65,14.0,Sun,AM,HIIT,0,Advance,Regular,0
1371,11,84.58,14.0,Sun,AM,HIIT,1,Advance,Regular,0
1372,16,84.24,10.0,Fri,AM,Cycling,1,Advance,Loyal,1
1373,9,83.0,8.0,Thu,AM,Strength,0,Advance,Regular,0
1374,6,84.3,12.0,Sat,AM,Aqua,0,Advance,Regular,0
1375,25,68.49,8.0,Thu,AM,HIIT,1,Advance,Loyal,1
1376,5,86.21,3.0,Mon,AM,HIIT,0,Short-notice,New,0
1377,6,96.62,8.0,Thu,AM,Strength,0,Advance,Regular,0
1378,21,69.44,14.0,Sun,AM,HIIT,1,Advance,Loyal,1
1379,14,78.53,8.0,Thu,AM,Yoga,0,Advance,Loyal,1
1380,6,85.07,6.0,Wed,PM,Cycling,0,Short-notice,Regular,0
1381,10,88.27,11.0,Thu,PM,Yoga,0,Advance,Regular,0
1382,11,86.3,10.0,Fri,AM,Cycling,0,Advance,Regular,0
1383,6,81.43,5.0,Wed,PM,HIIT,0,Short-notice,Regular,0
1384,10,76.18,10.0,Fri,AM,HIIT,0,Advance,Regular,0
1385,10,65.33,10.0,Fri,AM,HIIT,1,Advance,Regular,0
1386,8,85.33,14.0,Sun,AM,Strength,0,Advance,Regular,0
1387,15,66.06,15.0,Sun,PM,Aqua,0,Advance,Loyal,1
1388,9,102.31,14.0,Sun,AM,Cycling,1,Advance,Regular,0
1389,18,63.47,2.0,Mon,AM,Cycling,0,Short-notice,Loyal,1
1390,8,83.58,10.0,Fri,AM,HIIT,0,Advance,Regular,0
1391,8,83.35,12.0,Sat,PM,Strength,0,Advance,Regular,0
1392,18,74.09,13.0,Sun,PM,Cycling,1,Advance,Loyal,1
1393,3,95.75,12.0,Sat,AM,Strength,0,Advance,New,0
1394,7,76.82,10.0,Fri,AM,Strength,0,Advance,Regular,0
1395,19,84.75,9.0,Fri,PM,HIIT,1,Advance,Loyal,1
1396,11,87.24,8.0,Thu,AM,HIIT,1,Advance,Regular,0
1397,16,86.73,8.0,Thu,AM,Aqua,1,Advance,Loyal,1
1398,23,66.3,10.0,Fri,AM,Cycling,1,Advance,Loyal,1
1399,111,60.66,2.0,Mon,AM,Strength,1,Short-notice,Loyal,1
1400,7,71.88,1.0,Mon,PM,HIIT,0,Short-notice,Regular,0
1401,24,73.47,12.0,Sat,AM,HIIT,1,Advance,Loyal,1
1402,48,66.51,8.0,Thu,AM,Aqua,1,Advance,Loyal,1
1403,16,87.64,6.0,Wed,PM,HIIT,0,Short-notice,Loyal,1
1404,18,74.43,10.0,Fri,AM,HIIT,1,Advance,Loyal,1
1405,9,71.88,14.0,Sun,AM,Cycling,0,Advance,Regular,0
1406,26,100.26,14.0,Sun,AM,Cycling,0,Advance,Loyal,1
1407,10,102.02,2.0,Mon,AM,Yoga,0,Short-notice,Regular,0
1408,53,68.17,14.0,Sun,AM,Strength,0,Advance,Loyal,1
1409,21,76.6,12.0,Sat,AM,Cycling,1,Advance,Loyal,1
1410,11,92.16,9.0,Thu,PM,Cycling,0,Advance,Regular,0
1411,7,86.0,17.0,Sun,PM,HIIT,0,Advance,Regular,0
1412,32,71.67,5.0,Wed,PM,Cycling,0,Short-notice,Loyal,1
1413,11,83.12,10.0,Fri,AM,HIIT,0,Advance,Regular,0
1414,7,76.11,12.0,Sat,AM,HIIT,0,Advance,Regular,0
1415,34,58.95,14.0,Sun,AM,HIIT,1,Advance,Loyal,1
1416,7,82.97,6.0,Wed,AM,HIIT,0,Short-notice,Regular,0
1417,17,80.49,2.0,Mon,AM,Strength,0,Short-notice,Loyal,1
1418,6,94.41,4.0,Tue,AM,Cycling,0,Short-notice,Regular,0
1419,22,80.91,10.0,Fri,AM,Cycling,0,Advance,Loyal,1
1420,19,81.53,8.0,Thu,AM,HIIT,1,Advance,Loyal,1
1421,22,68.29,12.0,Sat,AM,HIIT,1,Advance,Loyal,1
1422,5,99.41,2.0,Mon,AM,HIIT,0,Short-notice,New,0
1423,7,89.21,4.0,Tue,PM,HIIT,1,Short-notice,Regular,0
1424,25,73.49,8.0,Thu,PM,Aqua,1,Advance,Loyal,1
1425,4,88.08,10.0,Fri,AM,Strength,0,Advance,New,0
1426,19,80.26,12.0,Sat,AM,HIIT,0,Advance,Loyal,1
1427,57,68.35,8.0,Thu,AM,HIIT,1,Advance,Loyal,1
1428,7,89.99,14.0,Sun,AM,HIIT,0,Advance,Regular,0
1429,9,86.35,9.0,Thu,PM,HIIT,1,Advance,Regular,0
1430,18,76.3,4.0,Tue,AM,HIIT,1,Short-notice,Loyal,1
1431,38,77.69,9.0,Thu,PM,HIIT,0,Advance,Loyal,1
1432,6,82.57,2.0,Mon,AM,Cycling,0,Short-notice,Regular,0
1433,11,87.37,3.0,Mon,PM,HIIT,0,Short-notice,Regular,0
1434,9,80.75,8.0,Thu,PM,Cycling,0,Advance,Regular,0
1435,14,79.86,14.0,Sun,AM,Cycling,0,Advance,Loyal,1
1436,13,87.37,10.0,Fri,AM,Cycling,0,Advance,Loyal,1
1437,20,63.74,2.0,Mon,AM,Cycling,1,Short-notice,Loyal,1
1438,8,98.04,12.0,Sat,AM,Cycling,0,Advance,Regular,0
1439,13,73.52,14.0,Sun,AM,Strength,1,Advance,Loyal,1
1440,11,81.43,9.0,Fri,PM,Strength,0,Advance,Regular,0
1441,8,78.23,4.0,Tue,PM,HIIT,0,Short-notice,Regular,0
1442,39,88.82,10.0,Fri,AM,HIIT,1,Advance,Loyal,1
1443,5,113.16,4.0,Tue,PM,HIIT,0,Short-notice,New,0
1444,10,75.25,4.0,Tue,AM,HIIT,0,Short-notice,Regular,0
1445,10,67.73,4.0,Tue,AM,HIIT,1,Short-notice,Regular,0
1446,17,70.46,10.0,Fri,AM,HIIT,1,Advance,Loyal,1
1447,22,78.21,4.0,Tue,AM,Cycling,0,Short-notice,Loyal,1
1448,7,85.46,9.0,Wed,PM,HIIT,0,Advance,Regular,0
1449,12,82.28,8.0,Thu,AM,HIIT,0,Advance,Regular,0
1450,69,77.26,8.0,Thu,AM,Yoga,1,Advance,Loyal,1
1451,18,72.73,5.0,Wed,PM,HIIT,1,Short-notice,Loyal,1
1452,22,70.97,10.0,Fri,AM,-,0,Advance,Loyal,1
1453,17,67.91,12.0,Sat,AM,Strength,0,Advance,Loyal,1
1454,9,84.67,14.0,Sun,AM,HIIT,0,Advance,Regular,0
1455,35,67.64,4.0,Tue,PM,HIIT,1,Short-notice,Loyal,1
1456,11,101.27,8.0,Thu,AM,HIIT,0,Advance,Regular,0
1457,6,83.66,4.0,Tue,AM,Cycling,1,Short-notice,Regular,0
1458,12,82.03,4.0,Tue,AM,HIIT,0,Short-notice,Regular,0
1459,4,102.92,10.0,Fri,AM,Strength,0,Advance,New,0
1460,13,73.31,12.0,Sat,PM,Cycling,0,Advance,Loyal,1
1461,13,73.28,12.0,Sat,AM,Strength,0,Advance,Loyal,1
1462,12,78.9,11.0,Wed,PM,HIIT,0,Advance,Regular,0
1463,25,85.75,10.0,Fri,AM,Aqua,1,Advance,Loyal,1
1464,27,63.85,12.0,Sat,AM,HIIT,1,Advance,Loyal,1
1465,16,67.94,12.0,Sat,AM,Aqua,1,Advance,Loyal,1
1466,4,129.28,10.0,Fri,AM,Yoga,0,Advance,New,0
1467,13,94.71,14.0,Sun,AM,HIIT,0,Advance,Loyal,1
1468,7,90.64,9.0,Tue,PM,HIIT,0,Advance,Regular,0
1469,22,82.79,2.0,Mon,AM,HIIT,0,Short-notice,Loyal,1
1470,13,95.47,6.0,Wed,AM,Strength,0,Short-notice,Loyal,1
1471,14,80.12,2.0,Mon,AM,Strength,1,Short-notice,Loyal,1
1472,8,75.32,7.0,Thu,PM,Cycling,0,Advance,Regular,0
1473,42,76.55,14.0,Sun,AM,HIIT,1,Advance,Loyal,1
1474,26,71.87,10.0,Fri,AM,Strength,1,Advance,Loyal,1
1475,10,82.38,6.0,Wed,PM,Aqua,0,Short-notice,Regular,0
1476,12,75.82,12.0,Sat,AM,Cycling,1,Advance,Regular,0
1477,12,74.0,4.0,Tue,AM,HIIT,1,Short-notice,Regular,0
1478,22,82.2,14.0,Sun,AM,Yoga,0,Advance,Loyal,1
1479,16,73.94,12.0,Sat,AM,Strength,0,Advance,Loyal,1
1480,21,69.62,3.0,Mon,PM,HIIT,1,Short-notice,Loyal,1
1481,21,95.85,8.0,Thu,AM,HIIT,1,Advance,Loyal,1
1482,8,96.91,8.0,Thu,AM,Strength,0,Advance,Regular,0
1483,3,90.73,12.0,Sat,AM,Aqua,0,Advance,New,0
1484,12,79.13,2.0,Mon,AM,HIIT,0,Short-notice,Regular,0
1485,19,69.63,10.0,Fri,AM,HIIT,1,Advance,Loyal,1
1486,54,72.29,5.0,Tue,PM,HIIT,1,Short-notice,Loyal,1
1487,10,82.81,2.0,Mon,AM,Aqua,0,Short-notice,Regular,0
1488,15,77.79,4.0,Tue,AM,Yoga,0,Short-notice,Loyal,1
1489,11,81.44,8.0,Thu,AM,HIIT,0,Advance,Regular,0
1490,7,77.8,10.0,Fri,AM,Aqua,0,Advance,Regular,0
1491,6,105.12,2.0,Mon,AM,Yoga,0,Short-notice,Regular,0
1492,8,87.76,2.0,Mon,PM,HIIT,0,Short-notice,Regular,0
1493,18,74.32,6.0,Wed,PM,HIIT,0,Short-notice,Loyal,1
1494,9,80.46,8.0,Thu,AM,HIIT,0,Advance,Regular,0
1495,15,88.5,7.0,Thu,PM,HIIT,1,Advance,Loyal,1
1496,21,79.51,10.0,Fri,AM,HIIT,0,Advance,Loyal,1
1497,29,89.55,2.0,Mon,AM,Strength,0,Short-notice,Loyal,1
1498,9,87.38,4.0,Tue,AM,HIIT,0,Short-notice,Regular,0
1499,34,68.64,14.0,Sun,AM,Aqua,0,Advance,Loyal,1
1500,20,94.39,8.0,Thu,AM,Cycling,1,Advance,Loyal,1
